route,period,passengers,is_eid_holiday,is_school_year_end,is_year_end_holiday
10,2023-01-01,26215.0,0,0,0
10,2023-02-01,24362.0,0,0,0
10,2023-03-01,27098.0,0,0,0
10,2023-04-01,22066.0,1,0,0
10,2023-05-01,29111.0,0,0,0
10,2023-06-01,27550.0,0,1,0
10,2023-07-01,31036.0,0,1,0
10,2023-08-01,30269.0,0,0,0
10,2023-09-01,32057.0,0,0,0
10,2023-10-01,29953.0,0,0,0
10,2023-11-01,30503.0,0,0,0
10,2023-12-01,30721.0,0,0,1
10,2024-01-01,27526.0,0,0,0
10,2024-02-01,31856.0,0,0,0
10,2024-03-01,30635.0,0,0,0
10,2024-04-01,27584.0,1,0,0
10,2024-05-01,34130.0,0,0,0
10,2024-06-01,31128.0,0,1,0
10,2024-07-01,37051.0,0,1,0
10,2024-08-01,41643.0,0,0,0
10,2024-09-01,41083.0,0,0,0
10,2024-10-01,46632.0,0,0,0
10,2024-11-01,46221.0,0,0,0
10,2024-12-01,49380.0,0,0,1
10,2025-01-01,45261.0,0,0,0
10,2025-02-01,42214.0,0,0,0
10,2025-03-01,37325.0,1,0,0
10,2025-04-01,40586.0,1,0,0
10,2025-05-01,41398.0,0,0,0
10,2025-06-01,42473.0,0,1,0
10,2025-07-01,46845.0,0,1,0
10,2025-08-01,45132.0,0,0,0
10,2025-09-01,46157.0,0,0,0
10,2025-10-01,47872.0,0,0,0
10,2025-11-01,47361.0,0,0,0
10,2025-12-01,46065.0,0,0,1
11,2023-01-01,8354.0,0,0,0
11,2023-02-01,8682.0,0,0,0
11,2023-03-01,9235.0,0,0,0
11,2023-04-01,6764.0,1,0,0
11,2023-05-01,8928.0,0,0,0
11,2023-06-01,7673.0,0,1,0
11,2023-07-01,9782.0,0,1,0
11,2023-08-01,10825.0,0,0,0
11,2023-09-01,10907.0,0,0,0
11,2023-10-01,11477.0,0,0,0
11,2023-11-01,11244.0,0,0,0
11,2023-12-01,11456.0,0,0,1
11,2024-01-01,11315.0,0,0,0
11,2024-02-01,12499.0,0,0,0
11,2024-03-01,13118.0,0,0,0
11,2024-04-01,10640.0,1,0,0
11,2024-05-01,12631.0,0,0,0
11,2024-06-01,11740.0,0,1,0
11,2024-07-01,22576.0,0,1,0
11,2024-08-01,26943.0,0,0,0
11,2024-09-01,21613.0,0,0,0
11,2024-10-01,23925.0,0,0,0
11,2024-11-01,22374.0,0,0,0
11,2024-12-01,15514.0,0,0,1
11,2025-01-01,14226.0,0,0,0
11,2025-02-01,16411.0,0,0,0
11,2025-03-01,15872.0,1,0,0
11,2025-04-01,18745.0,1,0,0
11,2025-05-01,20893.0,0,0,0
11,2025-06-01,15968.0,0,1,0
11,2025-07-01,20400.0,0,1,0
11,2025-08-01,22202.0,0,0,0
11,2025-09-01,23935.0,0,0,0
11,2025-10-01,20766.0,0,0,0
11,2025-11-01,20773.0,0,0,0
11,2025-12-01,21362.0,0,0,1
13,2023-01-01,9905.0,0,0,0
13,2023-02-01,9948.0,0,0,0
13,2023-03-01,10809.0,0,0,0
13,2023-04-01,9599.0,1,0,0
13,2023-05-01,11455.0,0,0,0
13,2023-06-01,11099.0,0,1,0
13,2023-07-01,12938.0,0,1,0
13,2023-08-01,12030.0,0,0,0
13,2023-09-01,12271.0,0,0,0
13,2023-10-01,12980.0,0,0,0
13,2023-11-01,12305.0,0,0,0
13,2023-12-01,14652.0,0,0,1
13,2024-01-01,12753.0,0,0,0
13,2024-02-01,17394.0,0,0,0
13,2024-03-01,16608.0,0,0,0
13,2024-04-01,16302.0,1,0,0
13,2024-05-01,18835.0,0,0,0
13,2024-06-01,17376.0,0,1,0
13,2024-07-01,20276.0,0,1,0
13,2024-08-01,19320.0,0,0,0
13,2024-09-01,20061.0,0,0,0
13,2024-10-01,19803.0,0,0,0
13,2024-11-01,19275.0,0,0,0
13,2024-12-01,21177.0,0,0,1
13,2025-01-01,18722.0,0,0,0
13,2025-02-01,24473.0,0,0,0
13,2025-03-01,14228.0,1,0,0
13,2025-04-01,15974.0,1,0,0
13,2025-05-01,17120.0,0,0,0
13,2025-06-01,18732.0,0,1,0
13,2025-07-01,20862.0,0,1,0
13,2025-08-01,20173.0,0,0,0
13,2025-09-01,22668.0,0,0,0
13,2025-10-01,20999.0,0,0,0
13,2025-11-01,21377.0,0,0,0
13,2025-12-01,21275.0,0,0,1
14,2023-01-01,23476.0,0,0,0
14,2023-02-01,22027.0,0,0,0
14,2023-03-01,22651.0,0,0,0
14,2023-04-01,17058.0,1,0,0
14,2023-05-01,23057.0,0,0,0
14,2023-06-01,20046.0,0,1,0
14,2023-07-01,23335.0,0,1,0
14,2023-08-01,26622.0,0,0,0
14,2023-09-01,25996.0,0,0,0
14,2023-10-01,28862.0,0,0,0
14,2023-11-01,28090.0,0,0,0
14,2023-12-01,27787.0,0,0,1
14,2024-01-01,24939.0,0,0,0
14,2024-02-01,23995.0,0,0,0
14,2024-03-01,23998.0,0,0,0
14,2024-04-01,20772.0,1,0,0
14,2024-05-01,24299.0,0,0,0
14,2024-06-01,20597.0,0,1,0
14,2024-07-01,24777.0,0,1,0
14,2024-08-01,27068.0,0,0,0
14,2024-09-01,26454.0,0,0,0
14,2024-10-01,28268.0,0,0,0
14,2024-11-01,24620.0,0,0,0
14,2024-12-01,24826.0,0,0,1
14,2025-01-01,24496.0,0,0,0
14,2025-02-01,29108.0,0,0,0
14,2025-03-01,17357.0,1,0,0
14,2025-04-01,20245.0,1,0,0
14,2025-05-01,20595.0,0,0,0
14,2025-06-01,18130.0,0,1,0
14,2025-07-01,22374.0,0,1,0
14,2025-08-01,23671.0,0,0,0
14,2025-09-01,23227.0,0,0,0
14,2025-10-01,28222.0,0,0,0
14,2025-11-01,23551.0,0,0,0
14,2025-12-01,25104.0,0,0,1
15,2023-01-01,49451.0,0,0,0
15,2023-02-01,43274.0,0,0,0
15,2023-03-01,46647.0,0,0,0
15,2023-04-01,45535.0,1,0,0
15,2023-05-01,54037.0,0,0,0
15,2023-06-01,53382.0,0,1,0
15,2023-07-01,62141.0,0,1,0
15,2023-08-01,57319.0,0,0,0
15,2023-09-01,62947.0,0,0,0
15,2023-10-01,60837.0,0,0,0
15,2023-11-01,61613.0,0,0,0
15,2023-12-01,74775.0,0,0,1
15,2024-01-01,63826.0,0,0,0
15,2024-02-01,82458.0,0,0,0
15,2024-03-01,78412.0,0,0,0
15,2024-04-01,87798.0,1,0,0
15,2024-05-01,101930.0,0,0,0
15,2024-06-01,125572.0,0,1,0
15,2024-07-01,137730.0,0,1,0
15,2024-08-01,120596.0,0,0,0
15,2024-09-01,121231.0,0,0,0
15,2024-10-01,121589.0,0,0,0
15,2024-11-01,121341.0,0,0,0
15,2024-12-01,140023.0,0,0,1
15,2025-01-01,118828.0,0,0,0
15,2025-02-01,113374.0,0,0,0
15,2025-03-01,109040.0,1,0,0
15,2025-04-01,145003.0,1,0,0
15,2025-05-01,138205.0,0,0,0
15,2025-06-01,122316.0,0,1,0
15,2025-07-01,152555.0,0,1,0
15,2025-08-01,136946.0,0,0,0
15,2025-09-01,136031.0,0,0,0
15,2025-10-01,149237.0,0,0,0
15,2025-11-01,156859.0,0,0,0
15,2025-12-01,149629.0,0,0,1
1B,2023-01-01,30943.0,0,0,0
1B,2023-02-01,27262.0,0,0,0
1B,2023-03-01,28974.0,0,0,0
1B,2023-04-01,22834.0,1,0,0
1B,2023-05-01,30169.0,0,0,0
1B,2023-06-01,27551.0,0,1,0
1B,2023-07-01,32828.0,0,1,0
1B,2023-08-01,34646.0,0,0,0
1B,2023-09-01,35417.0,0,0,0
1B,2023-10-01,36311.0,0,0,0
1B,2023-11-01,38663.0,0,0,0
1B,2023-12-01,38065.0,0,0,1
1B,2024-01-01,32344.0,0,0,0
1B,2024-02-01,52075.0,0,0,0
1B,2024-03-01,68219.0,0,0,0
1B,2024-04-01,60867.0,1,0,0
1B,2024-05-01,71993.0,0,0,0
1B,2024-06-01,65846.0,0,1,0
1B,2024-07-01,70624.0,0,1,0
1B,2024-08-01,70459.0,0,0,0
1B,2024-09-01,69424.0,0,0,0
1B,2024-10-01,71977.0,0,0,0
1B,2024-11-01,64956.0,0,0,0
1B,2024-12-01,74719.0,0,0,1
1B,2025-01-01,56854.0,0,0,0
1B,2025-02-01,34613.0,0,0,0
1B,2025-03-01,25866.0,1,0,0
1B,2025-04-01,33705.0,1,0,0
1B,2025-05-01,38739.0,0,0,0
1B,2025-06-01,31717.0,0,1,0
1B,2025-07-01,44470.0,0,1,0
1B,2025-08-01,44570.0,0,0,0
1B,2025-09-01,45220.0,0,0,0
1B,2025-10-01,47432.0,0,0,0
1B,2025-11-01,43822.0,0,0,0
1B,2025-12-01,46920.0,0,0,1
2B,2023-01-01,43807.0,0,0,0
2B,2023-02-01,41149.0,0,0,0
2B,2023-03-01,44210.0,0,0,0
2B,2023-04-01,31884.0,1,0,0
2B,2023-05-01,43713.0,0,0,0
2B,2023-06-01,37671.0,0,1,0
2B,2023-07-01,47128.0,0,1,0
2B,2023-08-01,53062.0,0,0,0
2B,2023-09-01,52048.0,0,0,0
2B,2023-10-01,53841.0,0,0,0
2B,2023-11-01,52873.0,0,0,0
2B,2023-12-01,49005.0,0,0,1
2B,2024-01-01,47893.0,0,0,0
2B,2024-02-01,57415.0,0,0,0
2B,2024-03-01,56502.0,0,0,0
2B,2024-04-01,52955.0,1,0,0
2B,2024-05-01,71663.0,0,0,0
2B,2024-06-01,63343.0,0,1,0
2B,2024-07-01,77511.0,0,1,0
2B,2024-08-01,88808.0,0,0,0
2B,2024-09-01,81873.0,0,0,0
2B,2024-10-01,83658.0,0,0,0
2B,2024-11-01,72990.0,0,0,0
2B,2024-12-01,70922.0,0,0,1
2B,2025-01-01,89915.0,0,0,0
2B,2025-02-01,84129.0,0,0,0
2B,2025-03-01,52013.0,1,0,0
2B,2025-04-01,58719.0,1,0,0
2B,2025-05-01,60853.0,0,0,0
2B,2025-06-01,48300.0,0,1,0
2B,2025-07-01,67043.0,0,1,0
2B,2025-08-01,75396.0,0,0,0
2B,2025-09-01,70479.0,0,0,0
2B,2025-10-01,79317.0,0,0,0
2B,2025-11-01,68481.0,0,0,0
2B,2025-12-01,68141.0,0,0,1
3A,2023-01-01,71320.0,0,0,0
3A,2023-02-01,65740.0,0,0,0
3A,2023-03-01,72049.0,0,0,0
3A,2023-04-01,59717.0,1,0,0
3A,2023-05-01,73860.0,0,0,0
3A,2023-06-01,68475.0,0,1,0
3A,2023-07-01,78507.0,0,1,0
3A,2023-08-01,79031.0,0,0,0
3A,2023-09-01,78398.0,0,0,0
3A,2023-10-01,81587.0,0,0,0
3A,2023-11-01,80923.0,0,0,0
3A,2023-12-01,86746.0,0,0,1
3A,2024-01-01,75057.0,0,0,0
3A,2024-02-01,100410.0,0,0,0
3A,2024-03-01,112459.0,0,0,0
3A,2024-04-01,114197.0,1,0,0
3A,2024-05-01,124323.0,0,0,0
3A,2024-06-01,118874.0,0,1,0
3A,2024-07-01,131583.0,0,1,0
3A,2024-08-01,122946.0,0,0,0
3A,2024-09-01,138664.0,0,0,0
3A,2024-10-01,149093.0,0,0,0
3A,2024-11-01,136093.0,0,0,0
3A,2024-12-01,161611.0,0,0,1
3A,2025-01-01,166703.0,0,0,0
3A,2025-02-01,131511.0,0,0,0
3A,2025-03-01,89856.0,1,0,0
3A,2025-04-01,97140.0,1,0,0
3A,2025-05-01,106986.0,0,0,0
3A,2025-06-01,88510.0,0,1,0
3A,2025-07-01,104285.0,0,1,0
3A,2025-08-01,108553.0,0,0,0
3A,2025-09-01,107124.0,0,0,0
3A,2025-10-01,117987.0,0,0,0
3A,2025-11-01,116003.0,0,0,0
3A,2025-12-01,114178.0,0,0,1
3B,2023-01-01,48505.0,0,0,0
3B,2023-02-01,45388.0,0,0,0
3B,2023-03-01,50101.0,0,0,0
3B,2023-04-01,40504.0,1,0,0
3B,2023-05-01,51716.0,0,0,0
3B,2023-06-01,46177.0,0,1,0
3B,2023-07-01,52542.0,0,1,0
3B,2023-08-01,55565.0,0,0,0
3B,2023-09-01,55428.0,0,0,0
3B,2023-10-01,57667.0,0,0,0
3B,2023-11-01,55578.0,0,0,0
3B,2023-12-01,56566.0,0,0,1
3B,2024-01-01,53210.0,0,0,0
3B,2024-02-01,65884.0,0,0,0
3B,2024-03-01,75839.0,0,0,0
3B,2024-04-01,77729.0,1,0,0
3B,2024-05-01,86779.0,0,0,0
3B,2024-06-01,83238.0,0,1,0
3B,2024-07-01,102657.0,0,1,0
3B,2024-08-01,107626.0,0,0,0
3B,2024-09-01,111227.0,0,0,0
3B,2024-10-01,112075.0,0,0,0
3B,2024-11-01,102271.0,0,0,0
3B,2024-12-01,98183.0,0,0,1
3B,2025-01-01,87086.0,0,0,0
3B,2025-02-01,91830.0,0,0,0
3B,2025-03-01,66198.0,1,0,0
3B,2025-04-01,70502.0,1,0,0
3B,2025-05-01,95264.0,0,0,0
3B,2025-06-01,66140.0,0,1,0
3B,2025-07-01,80668.0,0,1,0
3B,2025-08-01,76119.0,0,0,0
3B,2025-09-01,86111.0,0,0,0
3B,2025-10-01,90206.0,0,0,0
3B,2025-11-01,80522.0,0,0,0
3B,2025-12-01,81238.0,0,0,1
4A,2023-01-01,7627.0,0,0,0
4A,2023-02-01,7939.0,0,0,0
4A,2023-03-01,8528.0,0,0,0
4A,2023-04-01,6374.0,1,0,0
4A,2023-05-01,8335.0,0,0,0
4A,2023-06-01,7383.0,0,1,0
4A,2023-07-01,8492.0,0,1,0
4A,2023-08-01,8866.0,0,0,0
4A,2023-09-01,10312.0,0,0,0
4A,2023-10-01,10774.0,0,0,0
4A,2023-11-01,9853.0,0,0,0
4A,2023-12-01,9433.0,0,0,1
4A,2024-01-01,8472.0,0,0,0
4A,2024-02-01,11406.0,0,0,0
4A,2024-03-01,10879.0,0,0,0
4A,2024-04-01,9671.0,1,0,0
4A,2024-05-01,12346.0,0,0,0
4A,2024-06-01,10140.0,0,1,0
4A,2024-07-01,10928.0,0,1,0
4A,2024-08-01,12511.0,0,0,0
4A,2024-09-01,13915.0,0,0,0
4A,2024-10-01,17326.0,0,0,0
4A,2024-11-01,15443.0,0,0,0
4A,2024-12-01,20564.0,0,0,1
4A,2025-01-01,24844.0,0,0,0
4A,2025-02-01,14984.0,0,0,0
4A,2025-03-01,14055.0,1,0,0
4A,2025-04-01,17746.0,1,0,0
4A,2025-05-01,17997.0,0,0,0
4A,2025-06-01,18757.0,0,1,0
4A,2025-07-01,20304.0,0,1,0
4A,2025-08-01,20568.0,0,0,0
4A,2025-09-01,20889.0,0,0,0
4A,2025-10-01,24154.0,0,0,0
4A,2025-11-01,27435.0,0,0,0
4A,2025-12-01,26237.0,0,0,1
4B,2023-01-01,5788.0,0,0,0
4B,2023-02-01,5917.0,0,0,0
4B,2023-03-01,6261.0,0,0,0
4B,2023-04-01,5256.0,1,0,0
4B,2023-05-01,6984.0,0,0,0
4B,2023-06-01,5622.0,0,1,0
4B,2023-07-01,6197.0,0,1,0
4B,2023-08-01,6933.0,0,0,0
4B,2023-09-01,7750.0,0,0,0
4B,2023-10-01,8189.0,0,0,0
4B,2023-11-01,8398.0,0,0,0
4B,2023-12-01,8289.0,0,0,1
4B,2024-01-01,6960.0,0,0,0
4B,2024-02-01,8928.0,0,0,0
4B,2024-03-01,9627.0,0,0,0
4B,2024-04-01,9078.0,1,0,0
4B,2024-05-01,18089.0,0,0,0
4B,2024-06-01,10798.0,0,1,0
4B,2024-07-01,13493.0,0,1,0
4B,2024-08-01,15673.0,0,0,0
4B,2024-09-01,16784.0,0,0,0
4B,2024-10-01,17793.0,0,0,0
4B,2024-11-01,16918.0,0,0,0
4B,2024-12-01,12789.0,0,0,1
4B,2025-01-01,15158.0,0,0,0
4B,2025-02-01,16460.0,0,0,0
4B,2025-03-01,11487.0,1,0,0
4B,2025-04-01,12506.0,1,0,0
4B,2025-05-01,16013.0,0,0,0
4B,2025-06-01,13094.0,0,1,0
4B,2025-07-01,12921.0,0,1,0
4B,2025-08-01,13461.0,0,0,0
4B,2025-09-01,15163.0,0,0,0
4B,2025-10-01,16399.0,0,0,0
4B,2025-11-01,16521.0,0,0,0
4B,2025-12-01,29395.0,0,0,1
5A,2023-01-01,8789.0,0,0,0
5A,2023-02-01,8438.0,0,0,0
5A,2023-03-01,9121.0,0,0,0
5A,2023-04-01,6785.0,1,0,0
5A,2023-05-01,8965.0,0,0,0
5A,2023-06-01,7856.0,0,1,0
5A,2023-07-01,9520.0,0,1,0
5A,2023-08-01,11341.0,0,0,0
5A,2023-09-01,11868.0,0,0,0
5A,2023-10-01,12143.0,0,0,0
5A,2023-11-01,12819.0,0,0,0
5A,2023-12-01,12437.0,0,0,1
5A,2024-01-01,11348.0,0,0,0
5A,2024-02-01,14711.0,0,0,0
5A,2024-03-01,14847.0,0,0,0
5A,2024-04-01,14206.0,1,0,0
5A,2024-05-01,15281.0,0,0,0
5A,2024-06-01,14744.0,0,1,0
5A,2024-07-01,15469.0,0,1,0
5A,2024-08-01,16770.0,0,0,0
5A,2024-09-01,16412.0,0,0,0
5A,2024-10-01,19084.0,0,0,0
5A,2024-11-01,22533.0,0,0,0
5A,2024-12-01,22533.0,0,0,1
5A,2025-01-01,20772.0,0,0,0
5A,2025-02-01,21298.0,0,0,0
5A,2025-03-01,22488.0,1,0,0
5A,2025-04-01,23994.0,1,0,0
5A,2025-05-01,23324.0,0,0,0
5A,2025-06-01,37209.0,0,1,0
5A,2025-07-01,30270.0,0,1,0
5A,2025-08-01,29653.0,0,0,0
5A,2025-09-01,31727.0,0,0,0
5A,2025-10-01,33468.0,0,0,0
5A,2025-11-01,32460.0,0,0,0
5A,2025-12-01,29481.0,0,0,1
5B,2023-01-01,16319.0,0,0,0
5B,2023-02-01,16967.0,0,0,0
5B,2023-03-01,19090.0,0,0,0
5B,2023-04-01,15152.0,1,0,0
5B,2023-05-01,20159.0,0,0,0
5B,2023-06-01,17650.0,0,1,0
5B,2023-07-01,20881.0,0,1,0
5B,2023-08-01,22989.0,0,0,0
5B,2023-09-01,24567.0,0,0,0
5B,2023-10-01,25463.0,0,0,0
5B,2023-11-01,25090.0,0,0,0
5B,2023-12-01,25551.0,0,0,1
5B,2024-01-01,22770.0,0,0,0
5B,2024-02-01,27868.0,0,0,0
5B,2024-03-01,28394.0,0,0,0
5B,2024-04-01,24527.0,1,0,0
5B,2024-05-01,28143.0,0,0,0
5B,2024-06-01,26460.0,0,1,0
5B,2024-07-01,28130.0,0,1,0
5B,2024-08-01,30689.0,0,0,0
5B,2024-09-01,31852.0,0,0,0
5B,2024-10-01,33127.0,0,0,0
5B,2024-11-01,31061.0,0,0,0
5B,2024-12-01,37933.0,0,0,1
5B,2025-01-01,23836.0,0,0,0
5B,2025-02-01,28030.0,0,0,0
5B,2025-03-01,24482.0,1,0,0
5B,2025-04-01,24532.0,1,0,0
5B,2025-05-01,25416.0,0,0,0
5B,2025-06-01,21705.0,0,1,0
5B,2025-07-01,32124.0,0,1,0
5B,2025-08-01,35688.0,0,0,0
5B,2025-09-01,24145.0,0,0,0
5B,2025-10-01,33581.0,0,0,0
5B,2025-11-01,28749.0,0,0,0
5B,2025-12-01,27387.0,0,0,1
6,2023-01-01,15678.0,0,0,0
6,2023-02-01,14559.0,0,0,0
6,2023-03-01,16488.0,0,0,0
6,2023-04-01,11902.0,1,0,0
6,2023-05-01,16383.0,0,0,0
6,2023-06-01,15214.0,0,1,0
6,2023-07-01,17083.0,0,1,0
6,2023-08-01,18536.0,0,0,0
6,2023-09-01,20463.0,0,0,0
6,2023-10-01,29380.0,0,0,0
6,2023-11-01,29077.0,0,0,0
6,2023-12-01,35989.0,0,0,1
6,2024-01-01,30786.0,0,0,0
6,2024-02-01,41176.0,0,0,0
6,2024-03-01,38148.0,0,0,0
6,2024-04-01,36149.0,1,0,0
6,2024-05-01,42005.0,0,0,0
6,2024-06-01,38612.0,0,1,0
6,2024-07-01,43663.0,0,1,0
6,2024-08-01,43618.0,0,0,0
6,2024-09-01,47767.0,0,0,0
6,2024-10-01,46957.0,0,0,0
6,2024-11-01,44748.0,0,0,0
6,2024-12-01,46098.0,0,0,1
6,2025-01-01,40288.0,0,0,0
6,2025-02-01,28997.0,0,0,0
6,2025-03-01,24248.0,1,0,0
6,2025-04-01,27187.0,1,0,0
6,2025-05-01,31988.0,0,0,0
6,2025-06-01,24904.0,0,1,0
6,2025-07-01,32638.0,0,1,0
6,2025-08-01,33062.0,0,0,0
6,2025-09-01,35096.0,0,0,0
6,2025-10-01,37960.0,0,0,0
6,2025-11-01,43741.0,0,0,0
6,2025-12-01,36822.0,0,0,1
8,2023-01-01,25702.0,0,0,0
8,2023-02-01,22606.0,0,0,0
8,2023-03-01,23268.0,0,0,0
8,2023-04-01,20537.0,1,0,0
8,2023-05-01,25397.0,0,0,0
8,2023-06-01,23373.0,0,1,0
8,2023-07-01,27509.0,0,1,0
8,2023-08-01,26050.0,0,0,0
8,2023-09-01,27691.0,0,0,0
8,2023-10-01,27196.0,0,0,0
8,2023-11-01,26949.0,0,0,0
8,2023-12-01,30254.0,0,0,1
8,2024-01-01,26454.0,0,0,0
8,2024-02-01,30554.0,0,0,0
8,2024-03-01,27833.0,0,0,0
8,2024-04-01,26604.0,1,0,0
8,2024-05-01,30953.0,0,0,0
8,2024-06-01,29654.0,0,1,0
8,2024-07-01,32920.0,0,1,0
8,2024-08-01,29407.0,0,0,0
8,2024-09-01,31246.0,0,0,0
8,2024-10-01,32526.0,0,0,0
8,2024-11-01,30491.0,0,0,0
8,2024-12-01,35370.0,0,0,1
8,2025-01-01,27852.0,0,0,0
8,2025-02-01,28817.0,0,0,0
8,2025-03-01,27957.0,1,0,0
8,2025-04-01,31191.0,1,0,0
8,2025-05-01,30633.0,0,0,0
8,2025-06-01,28056.0,0,1,0
8,2025-07-01,41277.0,0,1,0
8,2025-08-01,42374.0,0,0,0
8,2025-09-01,42844.0,0,0,0
8,2025-10-01,54373.0,0,0,0
8,2025-11-01,49153.0,0,0,0
8,2025-12-01,57753.0,0,0,1
9,2023-01-01,24362.0,0,0,0
9,2023-02-01,22407.0,0,0,0
9,2023-03-01,24105.0,0,0,0
9,2023-04-01,20973.0,1,0,0
9,2023-05-01,26014.0,0,0,0
9,2023-06-01,23300.0,0,1,0
9,2023-07-01,26776.0,0,1,0
9,2023-08-01,26354.0,0,0,0
9,2023-09-01,27881.0,0,0,0
9,2023-10-01,29157.0,0,0,0
9,2023-11-01,27332.0,0,0,0
9,2023-12-01,30743.0,0,0,1
9,2024-01-01,27560.0,0,0,0
9,2024-02-01,28479.0,0,0,0
9,2024-03-01,29616.0,0,0,0
9,2024-04-01,29444.0,1,0,0
9,2024-05-01,31846.0,0,0,0
9,2024-06-01,28644.0,0,1,0
9,2024-07-01,32594.0,0,1,0
9,2024-08-01,32115.0,0,0,0
9,2024-09-01,32923.0,0,0,0
9,2024-10-01,35914.0,0,0,0
9,2024-11-01,33213.0,0,0,0
9,2024-12-01,37309.0,0,0,1
9,2025-01-01,32477.0,0,0,0
9,2025-02-01,32327.0,0,0,0
9,2025-03-01,31637.0,1,0,0
9,2025-04-01,37731.0,1,0,0
9,2025-05-01,42204.0,0,0,0
9,2025-06-01,32153.0,0,1,0
9,2025-07-01,43754.0,0,1,0
9,2025-08-01,40164.0,0,0,0
9,2025-09-01,37499.0,0,0,0
9,2025-10-01,41210.0,0,0,0
9,2025-11-01,36182.0,0,0,0
9,2025-12-01,44058.0,0,0,1
