route,period,passengers,month_num,quarter,time_index,lag_1,lag_2,lag_3,rolling_mean_3,month_sin,month_cos,is_eid_holiday,is_school_year_end,is_year_end_holiday
10,2023-01-01,26215.0,1,1,1,,,,,0.4999999999999999,0.8660254037844387,0,0,0
10,2023-02-01,24362.0,2,1,2,26215.0,,,,0.8660254037844386,0.5000000000000001,0,0,0
10,2023-03-01,27098.0,3,1,3,24362.0,26215.0,,,1.0,6.123233995736766e-17,0,0,0
10,2023-04-01,22066.0,4,2,4,27098.0,24362.0,26215.0,25891.666666666668,0.8660254037844387,-0.4999999999999998,1,0,0
10,2023-05-01,29111.0,5,2,5,22066.0,27098.0,24362.0,24508.666666666668,0.4999999999999999,-0.8660254037844387,0,0,0
10,2023-06-01,27550.0,6,2,6,29111.0,22066.0,27098.0,26091.666666666668,1.2246467991473532e-16,-1.0,0,1,0
10,2023-07-01,31036.0,7,3,7,27550.0,29111.0,22066.0,26242.33333333333,-0.4999999999999997,-0.8660254037844388,0,1,0
10,2023-08-01,30269.0,8,3,8,31036.0,27550.0,29111.0,29232.33333333333,-0.8660254037844384,-0.5000000000000004,0,0,0
10,2023-09-01,32057.0,9,3,9,30269.0,31036.0,27550.0,29618.33333333333,-1.0,-1.8369701987210294e-16,0,0,0
10,2023-10-01,29953.0,10,4,10,32057.0,30269.0,31036.0,31120.666666666668,-0.8660254037844386,0.5000000000000001,0,0,0
10,2023-11-01,30503.0,11,4,11,29953.0,32057.0,30269.0,30759.666666666668,-0.5000000000000004,0.8660254037844384,0,0,0
10,2023-12-01,30721.0,12,4,12,30503.0,29953.0,32057.0,30837.666666666668,-2.4492935982947064e-16,1.0,0,0,1
10,2024-01-01,27526.0,1,1,13,30721.0,30503.0,29953.0,30392.33333333333,0.4999999999999999,0.8660254037844387,0,0,0
10,2024-02-01,31856.0,2,1,14,27526.0,30721.0,30503.0,29583.33333333333,0.8660254037844386,0.5000000000000001,0,0,0
10,2024-03-01,30635.0,3,1,15,31856.0,27526.0,30721.0,30034.33333333333,1.0,6.123233995736766e-17,0,0,0
10,2024-04-01,27584.0,4,2,16,30635.0,31856.0,27526.0,30005.666666666668,0.8660254037844387,-0.4999999999999998,1,0,0
10,2024-05-01,34130.0,5,2,17,27584.0,30635.0,31856.0,30025.0,0.4999999999999999,-0.8660254037844387,0,0,0
10,2024-06-01,31128.0,6,2,18,34130.0,27584.0,30635.0,30783.0,1.2246467991473532e-16,-1.0,0,1,0
10,2024-07-01,37051.0,7,3,19,31128.0,34130.0,27584.0,30947.33333333333,-0.4999999999999997,-0.8660254037844388,0,1,0
10,2024-08-01,41643.0,8,3,20,37051.0,31128.0,34130.0,34103.0,-0.8660254037844384,-0.5000000000000004,0,0,0
10,2024-09-01,41083.0,9,3,21,41643.0,37051.0,31128.0,36607.333333333336,-1.0,-1.8369701987210294e-16,0,0,0
10,2024-10-01,46632.0,10,4,22,41083.0,41643.0,37051.0,39925.66666666666,-0.8660254037844386,0.5000000000000001,0,0,0
10,2024-11-01,46221.0,11,4,23,46632.0,41083.0,41643.0,43119.333333333336,-0.5000000000000004,0.8660254037844384,0,0,0
10,2024-12-01,49380.0,12,4,24,46221.0,46632.0,41083.0,44645.333333333336,-2.4492935982947064e-16,1.0,0,0,1
10,2025-01-01,45261.0,1,1,25,49380.0,46221.0,46632.0,47411.0,0.4999999999999999,0.8660254037844387,0,0,0
10,2025-02-01,42214.0,2,1,26,45261.0,49380.0,46221.0,46954.0,0.8660254037844386,0.5000000000000001,0,0,0
10,2025-03-01,37325.0,3,1,27,42214.0,45261.0,49380.0,45618.333333333336,1.0,6.123233995736766e-17,1,0,0
10,2025-04-01,40586.0,4,2,28,37325.0,42214.0,45261.0,41600.0,0.8660254037844387,-0.4999999999999998,1,0,0
10,2025-05-01,41398.0,5,2,29,40586.0,37325.0,42214.0,40041.66666666666,0.4999999999999999,-0.8660254037844387,0,0,0
10,2025-06-01,42473.0,6,2,30,41398.0,40586.0,37325.0,39769.66666666666,1.2246467991473532e-16,-1.0,0,1,0
10,2025-07-01,46845.0,7,3,31,42473.0,41398.0,40586.0,41485.66666666666,-0.4999999999999997,-0.8660254037844388,0,1,0
10,2025-08-01,45132.0,8,3,32,46845.0,42473.0,41398.0,43572.0,-0.8660254037844384,-0.5000000000000004,0,0,0
10,2025-09-01,46157.0,9,3,33,45132.0,46845.0,42473.0,44816.66666666666,-1.0,-1.8369701987210294e-16,0,0,0
10,2025-10-01,47872.0,10,4,34,46157.0,45132.0,46845.0,46044.66666666666,-0.8660254037844386,0.5000000000000001,0,0,0
10,2025-11-01,47361.0,11,4,35,47872.0,46157.0,45132.0,46387.0,-0.5000000000000004,0.8660254037844384,0,0,0
10,2025-12-01,46065.0,12,4,36,47361.0,47872.0,46157.0,47130.0,-2.4492935982947064e-16,1.0,0,0,1
11,2023-01-01,8354.0,1,1,1,,,,,0.4999999999999999,0.8660254037844387,0,0,0
11,2023-02-01,8682.0,2,1,2,8354.0,,,,0.8660254037844386,0.5000000000000001,0,0,0
11,2023-03-01,9235.0,3,1,3,8682.0,8354.0,,,1.0,6.123233995736766e-17,0,0,0
11,2023-04-01,6764.0,4,2,4,9235.0,8682.0,8354.0,8757.0,0.8660254037844387,-0.4999999999999998,1,0,0
11,2023-05-01,8928.0,5,2,5,6764.0,9235.0,8682.0,8227.0,0.4999999999999999,-0.8660254037844387,0,0,0
11,2023-06-01,7673.0,6,2,6,8928.0,6764.0,9235.0,8309.0,1.2246467991473532e-16,-1.0,0,1,0
11,2023-07-01,9782.0,7,3,7,7673.0,8928.0,6764.0,7788.333333333333,-0.4999999999999997,-0.8660254037844388,0,1,0
11,2023-08-01,10825.0,8,3,8,9782.0,7673.0,8928.0,8794.333333333334,-0.8660254037844384,-0.5000000000000004,0,0,0
11,2023-09-01,10907.0,9,3,9,10825.0,9782.0,7673.0,9426.666666666666,-1.0,-1.8369701987210294e-16,0,0,0
11,2023-10-01,11477.0,10,4,10,10907.0,10825.0,9782.0,10504.666666666666,-0.8660254037844386,0.5000000000000001,0,0,0
11,2023-11-01,11244.0,11,4,11,11477.0,10907.0,10825.0,11069.666666666666,-0.5000000000000004,0.8660254037844384,0,0,0
11,2023-12-01,11456.0,12,4,12,11244.0,11477.0,10907.0,11209.333333333334,-2.4492935982947064e-16,1.0,0,0,1
11,2024-01-01,11315.0,1,1,13,11456.0,11244.0,11477.0,11392.333333333334,0.4999999999999999,0.8660254037844387,0,0,0
11,2024-02-01,12499.0,2,1,14,11315.0,11456.0,11244.0,11338.333333333334,0.8660254037844386,0.5000000000000001,0,0,0
11,2024-03-01,13118.0,3,1,15,12499.0,11315.0,11456.0,11756.666666666666,1.0,6.123233995736766e-17,0,0,0
11,2024-04-01,10640.0,4,2,16,13118.0,12499.0,11315.0,12310.666666666666,0.8660254037844387,-0.4999999999999998,1,0,0
11,2024-05-01,12631.0,5,2,17,10640.0,13118.0,12499.0,12085.666666666666,0.4999999999999999,-0.8660254037844387,0,0,0
11,2024-06-01,11740.0,6,2,18,12631.0,10640.0,13118.0,12129.666666666666,1.2246467991473532e-16,-1.0,0,1,0
11,2024-07-01,22576.0,7,3,19,11740.0,12631.0,10640.0,11670.333333333334,-0.4999999999999997,-0.8660254037844388,0,1,0
11,2024-08-01,26943.0,8,3,20,22576.0,11740.0,12631.0,15649.0,-0.8660254037844384,-0.5000000000000004,0,0,0
11,2024-09-01,21613.0,9,3,21,26943.0,22576.0,11740.0,20419.666666666668,-1.0,-1.8369701987210294e-16,0,0,0
11,2024-10-01,23925.0,10,4,22,21613.0,26943.0,22576.0,23710.666666666668,-0.8660254037844386,0.5000000000000001,0,0,0
11,2024-11-01,22374.0,11,4,23,23925.0,21613.0,26943.0,24160.33333333333,-0.5000000000000004,0.8660254037844384,0,0,0
11,2024-12-01,15514.0,12,4,24,22374.0,23925.0,21613.0,22637.33333333333,-2.4492935982947064e-16,1.0,0,0,1
11,2025-01-01,14226.0,1,1,25,15514.0,22374.0,23925.0,20604.33333333333,0.4999999999999999,0.8660254037844387,0,0,0
11,2025-02-01,16411.0,2,1,26,14226.0,15514.0,22374.0,17371.333333333332,0.8660254037844386,0.5000000000000001,0,0,0
11,2025-03-01,15872.0,3,1,27,16411.0,14226.0,15514.0,15383.666666666666,1.0,6.123233995736766e-17,1,0,0
11,2025-04-01,18745.0,4,2,28,15872.0,16411.0,14226.0,15503.0,0.8660254037844387,-0.4999999999999998,1,0,0
11,2025-05-01,20893.0,5,2,29,18745.0,15872.0,16411.0,17009.333333333332,0.4999999999999999,-0.8660254037844387,0,0,0
11,2025-06-01,15968.0,6,2,30,20893.0,18745.0,15872.0,18503.33333333333,1.2246467991473532e-16,-1.0,0,1,0
11,2025-07-01,20400.0,7,3,31,15968.0,20893.0,18745.0,18535.33333333333,-0.4999999999999997,-0.8660254037844388,0,1,0
11,2025-08-01,22202.0,8,3,32,20400.0,15968.0,20893.0,19087.0,-0.8660254037844384,-0.5000000000000004,0,0,0
11,2025-09-01,23935.0,9,3,33,22202.0,20400.0,15968.0,19523.33333333333,-1.0,-1.8369701987210294e-16,0,0,0
11,2025-10-01,20766.0,10,4,34,23935.0,22202.0,20400.0,22179.0,-0.8660254037844386,0.5000000000000001,0,0,0
11,2025-11-01,20773.0,11,4,35,20766.0,23935.0,22202.0,22301.0,-0.5000000000000004,0.8660254037844384,0,0,0
11,2025-12-01,21362.0,12,4,36,20773.0,20766.0,23935.0,21824.666666666668,-2.4492935982947064e-16,1.0,0,0,1
13,2023-01-01,9905.0,1,1,1,,,,,0.4999999999999999,0.8660254037844387,0,0,0
13,2023-02-01,9948.0,2,1,2,9905.0,,,,0.8660254037844386,0.5000000000000001,0,0,0
13,2023-03-01,10809.0,3,1,3,9948.0,9905.0,,,1.0,6.123233995736766e-17,0,0,0
13,2023-04-01,9599.0,4,2,4,10809.0,9948.0,9905.0,10220.666666666666,0.8660254037844387,-0.4999999999999998,1,0,0
13,2023-05-01,11455.0,5,2,5,9599.0,10809.0,9948.0,10118.666666666666,0.4999999999999999,-0.8660254037844387,0,0,0
13,2023-06-01,11099.0,6,2,6,11455.0,9599.0,10809.0,10621.0,1.2246467991473532e-16,-1.0,0,1,0
13,2023-07-01,12938.0,7,3,7,11099.0,11455.0,9599.0,10717.666666666666,-0.4999999999999997,-0.8660254037844388,0,1,0
13,2023-08-01,12030.0,8,3,8,12938.0,11099.0,11455.0,11830.666666666666,-0.8660254037844384,-0.5000000000000004,0,0,0
13,2023-09-01,12271.0,9,3,9,12030.0,12938.0,11099.0,12022.333333333334,-1.0,-1.8369701987210294e-16,0,0,0
13,2023-10-01,12980.0,10,4,10,12271.0,12030.0,12938.0,12413.0,-0.8660254037844386,0.5000000000000001,0,0,0
13,2023-11-01,12305.0,11,4,11,12980.0,12271.0,12030.0,12427.0,-0.5000000000000004,0.8660254037844384,0,0,0
13,2023-12-01,14652.0,12,4,12,12305.0,12980.0,12271.0,12518.666666666666,-2.4492935982947064e-16,1.0,0,0,1
13,2024-01-01,12753.0,1,1,13,14652.0,12305.0,12980.0,13312.333333333334,0.4999999999999999,0.8660254037844387,0,0,0
13,2024-02-01,17394.0,2,1,14,12753.0,14652.0,12305.0,13236.666666666666,0.8660254037844386,0.5000000000000001,0,0,0
13,2024-03-01,16608.0,3,1,15,17394.0,12753.0,14652.0,14933.0,1.0,6.123233995736766e-17,0,0,0
13,2024-04-01,16302.0,4,2,16,16608.0,17394.0,12753.0,15585.0,0.8660254037844387,-0.4999999999999998,1,0,0
13,2024-05-01,18835.0,5,2,17,16302.0,16608.0,17394.0,16768.0,0.4999999999999999,-0.8660254037844387,0,0,0
13,2024-06-01,17376.0,6,2,18,18835.0,16302.0,16608.0,17248.333333333332,1.2246467991473532e-16,-1.0,0,1,0
13,2024-07-01,20276.0,7,3,19,17376.0,18835.0,16302.0,17504.333333333332,-0.4999999999999997,-0.8660254037844388,0,1,0
13,2024-08-01,19320.0,8,3,20,20276.0,17376.0,18835.0,18829.0,-0.8660254037844384,-0.5000000000000004,0,0,0
13,2024-09-01,20061.0,9,3,21,19320.0,20276.0,17376.0,18990.666666666668,-1.0,-1.8369701987210294e-16,0,0,0
13,2024-10-01,19803.0,10,4,22,20061.0,19320.0,20276.0,19885.666666666668,-0.8660254037844386,0.5000000000000001,0,0,0
13,2024-11-01,19275.0,11,4,23,19803.0,20061.0,19320.0,19728.0,-0.5000000000000004,0.8660254037844384,0,0,0
13,2024-12-01,21177.0,12,4,24,19275.0,19803.0,20061.0,19713.0,-2.4492935982947064e-16,1.0,0,0,1
13,2025-01-01,18722.0,1,1,25,21177.0,19275.0,19803.0,20085.0,0.4999999999999999,0.8660254037844387,0,0,0
13,2025-02-01,24473.0,2,1,26,18722.0,21177.0,19275.0,19724.666666666668,0.8660254037844386,0.5000000000000001,0,0,0
13,2025-03-01,14228.0,3,1,27,24473.0,18722.0,21177.0,21457.33333333333,1.0,6.123233995736766e-17,1,0,0
13,2025-04-01,15974.0,4,2,28,14228.0,24473.0,18722.0,19141.0,0.8660254037844387,-0.4999999999999998,1,0,0
13,2025-05-01,17120.0,5,2,29,15974.0,14228.0,24473.0,18225.0,0.4999999999999999,-0.8660254037844387,0,0,0
13,2025-06-01,18732.0,6,2,30,17120.0,15974.0,14228.0,15774.0,1.2246467991473532e-16,-1.0,0,1,0
13,2025-07-01,20862.0,7,3,31,18732.0,17120.0,15974.0,17275.333333333332,-0.4999999999999997,-0.8660254037844388,0,1,0
13,2025-08-01,20173.0,8,3,32,20862.0,18732.0,17120.0,18904.666666666668,-0.8660254037844384,-0.5000000000000004,0,0,0
13,2025-09-01,22668.0,9,3,33,20173.0,20862.0,18732.0,19922.33333333333,-1.0,-1.8369701987210294e-16,0,0,0
13,2025-10-01,20999.0,10,4,34,22668.0,20173.0,20862.0,21234.33333333333,-0.8660254037844386,0.5000000000000001,0,0,0
13,2025-11-01,21377.0,11,4,35,20999.0,22668.0,20173.0,21280.0,-0.5000000000000004,0.8660254037844384,0,0,0
13,2025-12-01,21275.0,12,4,36,21377.0,20999.0,22668.0,21681.33333333333,-2.4492935982947064e-16,1.0,0,0,1
14,2023-01-01,23476.0,1,1,1,,,,,0.4999999999999999,0.8660254037844387,0,0,0
14,2023-02-01,22027.0,2,1,2,23476.0,,,,0.8660254037844386,0.5000000000000001,0,0,0
14,2023-03-01,22651.0,3,1,3,22027.0,23476.0,,,1.0,6.123233995736766e-17,0,0,0
14,2023-04-01,17058.0,4,2,4,22651.0,22027.0,23476.0,22718.0,0.8660254037844387,-0.4999999999999998,1,0,0
14,2023-05-01,23057.0,5,2,5,17058.0,22651.0,22027.0,20578.666666666668,0.4999999999999999,-0.8660254037844387,0,0,0
14,2023-06-01,20046.0,6,2,6,23057.0,17058.0,22651.0,20922.0,1.2246467991473532e-16,-1.0,0,1,0
14,2023-07-01,23335.0,7,3,7,20046.0,23057.0,17058.0,20053.666666666668,-0.4999999999999997,-0.8660254037844388,0,1,0
14,2023-08-01,26622.0,8,3,8,23335.0,20046.0,23057.0,22146.0,-0.8660254037844384,-0.5000000000000004,0,0,0
14,2023-09-01,25996.0,9,3,9,26622.0,23335.0,20046.0,23334.33333333333,-1.0,-1.8369701987210294e-16,0,0,0
14,2023-10-01,28862.0,10,4,10,25996.0,26622.0,23335.0,25317.666666666668,-0.8660254037844386,0.5000000000000001,0,0,0
14,2023-11-01,28090.0,11,4,11,28862.0,25996.0,26622.0,27160.0,-0.5000000000000004,0.8660254037844384,0,0,0
14,2023-12-01,27787.0,12,4,12,28090.0,28862.0,25996.0,27649.33333333333,-2.4492935982947064e-16,1.0,0,0,1
14,2024-01-01,24939.0,1,1,13,27787.0,28090.0,28862.0,28246.33333333333,0.4999999999999999,0.8660254037844387,0,0,0
14,2024-02-01,23995.0,2,1,14,24939.0,27787.0,28090.0,26938.666666666668,0.8660254037844386,0.5000000000000001,0,0,0
14,2024-03-01,23998.0,3,1,15,23995.0,24939.0,27787.0,25573.666666666668,1.0,6.123233995736766e-17,0,0,0
14,2024-04-01,20772.0,4,2,16,23998.0,23995.0,24939.0,24310.666666666668,0.8660254037844387,-0.4999999999999998,1,0,0
14,2024-05-01,24299.0,5,2,17,20772.0,23998.0,23995.0,22921.666666666668,0.4999999999999999,-0.8660254037844387,0,0,0
14,2024-06-01,20597.0,6,2,18,24299.0,20772.0,23998.0,23023.0,1.2246467991473532e-16,-1.0,0,1,0
14,2024-07-01,24777.0,7,3,19,20597.0,24299.0,20772.0,21889.33333333333,-0.4999999999999997,-0.8660254037844388,0,1,0
14,2024-08-01,27068.0,8,3,20,24777.0,20597.0,24299.0,23224.33333333333,-0.8660254037844384,-0.5000000000000004,0,0,0
14,2024-09-01,26454.0,9,3,21,27068.0,24777.0,20597.0,24147.33333333333,-1.0,-1.8369701987210294e-16,0,0,0
14,2024-10-01,28268.0,10,4,22,26454.0,27068.0,24777.0,26099.666666666668,-0.8660254037844386,0.5000000000000001,0,0,0
14,2024-11-01,24620.0,11,4,23,28268.0,26454.0,27068.0,27263.33333333333,-0.5000000000000004,0.8660254037844384,0,0,0
14,2024-12-01,24826.0,12,4,24,24620.0,28268.0,26454.0,26447.33333333333,-2.4492935982947064e-16,1.0,0,0,1
14,2025-01-01,24496.0,1,1,25,24826.0,24620.0,28268.0,25904.666666666668,0.4999999999999999,0.8660254037844387,0,0,0
14,2025-02-01,29108.0,2,1,26,24496.0,24826.0,24620.0,24647.33333333333,0.8660254037844386,0.5000000000000001,0,0,0
14,2025-03-01,17357.0,3,1,27,29108.0,24496.0,24826.0,26143.33333333333,1.0,6.123233995736766e-17,1,0,0
14,2025-04-01,20245.0,4,2,28,17357.0,29108.0,24496.0,23653.666666666668,0.8660254037844387,-0.4999999999999998,1,0,0
14,2025-05-01,20595.0,5,2,29,20245.0,17357.0,29108.0,22236.666666666668,0.4999999999999999,-0.8660254037844387,0,0,0
14,2025-06-01,18130.0,6,2,30,20595.0,20245.0,17357.0,19399.0,1.2246467991473532e-16,-1.0,0,1,0
14,2025-07-01,22374.0,7,3,31,18130.0,20595.0,20245.0,19656.666666666668,-0.4999999999999997,-0.8660254037844388,0,1,0
14,2025-08-01,23671.0,8,3,32,22374.0,18130.0,20595.0,20366.33333333333,-0.8660254037844384,-0.5000000000000004,0,0,0
14,2025-09-01,23227.0,9,3,33,23671.0,22374.0,18130.0,21391.666666666668,-1.0,-1.8369701987210294e-16,0,0,0
14,2025-10-01,28222.0,10,4,34,23227.0,23671.0,22374.0,23090.666666666668,-0.8660254037844386,0.5000000000000001,0,0,0
14,2025-11-01,23551.0,11,4,35,28222.0,23227.0,23671.0,25040.0,-0.5000000000000004,0.8660254037844384,0,0,0
14,2025-12-01,25104.0,12,4,36,23551.0,28222.0,23227.0,25000.0,-2.4492935982947064e-16,1.0,0,0,1
15,2023-01-01,49451.0,1,1,1,,,,,0.4999999999999999,0.8660254037844387,0,0,0
15,2023-02-01,43274.0,2,1,2,49451.0,,,,0.8660254037844386,0.5000000000000001,0,0,0
15,2023-03-01,46647.0,3,1,3,43274.0,49451.0,,,1.0,6.123233995736766e-17,0,0,0
15,2023-04-01,45535.0,4,2,4,46647.0,43274.0,49451.0,46457.333333333336,0.8660254037844387,-0.4999999999999998,1,0,0
15,2023-05-01,54037.0,5,2,5,45535.0,46647.0,43274.0,45152.0,0.4999999999999999,-0.8660254037844387,0,0,0
15,2023-06-01,53382.0,6,2,6,54037.0,45535.0,46647.0,48739.66666666666,1.2246467991473532e-16,-1.0,0,1,0
15,2023-07-01,62141.0,7,3,7,53382.0,54037.0,45535.0,50984.66666666666,-0.4999999999999997,-0.8660254037844388,0,1,0
15,2023-08-01,57319.0,8,3,8,62141.0,53382.0,54037.0,56520.0,-0.8660254037844384,-0.5000000000000004,0,0,0
15,2023-09-01,62947.0,9,3,9,57319.0,62141.0,53382.0,57614.0,-1.0,-1.8369701987210294e-16,0,0,0
15,2023-10-01,60837.0,10,4,10,62947.0,57319.0,62141.0,60802.333333333336,-0.8660254037844386,0.5000000000000001,0,0,0
15,2023-11-01,61613.0,11,4,11,60837.0,62947.0,57319.0,60367.66666666666,-0.5000000000000004,0.8660254037844384,0,0,0
15,2023-12-01,74775.0,12,4,12,61613.0,60837.0,62947.0,61799.0,-2.4492935982947064e-16,1.0,0,0,1
15,2024-01-01,63826.0,1,1,13,74775.0,61613.0,60837.0,65741.66666666667,0.4999999999999999,0.8660254037844387,0,0,0
15,2024-02-01,82458.0,2,1,14,63826.0,74775.0,61613.0,66738.0,0.8660254037844386,0.5000000000000001,0,0,0
15,2024-03-01,78412.0,3,1,15,82458.0,63826.0,74775.0,73686.33333333333,1.0,6.123233995736766e-17,0,0,0
15,2024-04-01,87798.0,4,2,16,78412.0,82458.0,63826.0,74898.66666666667,0.8660254037844387,-0.4999999999999998,1,0,0
15,2024-05-01,101930.0,5,2,17,87798.0,78412.0,82458.0,82889.33333333333,0.4999999999999999,-0.8660254037844387,0,0,0
15,2024-06-01,125572.0,6,2,18,101930.0,87798.0,78412.0,89380.0,1.2246467991473532e-16,-1.0,0,1,0
15,2024-07-01,137730.0,7,3,19,125572.0,101930.0,87798.0,105100.0,-0.4999999999999997,-0.8660254037844388,0,1,0
15,2024-08-01,120596.0,8,3,20,137730.0,125572.0,101930.0,121744.0,-0.8660254037844384,-0.5000000000000004,0,0,0
15,2024-09-01,121231.0,9,3,21,120596.0,137730.0,125572.0,127966.0,-1.0,-1.8369701987210294e-16,0,0,0
15,2024-10-01,121589.0,10,4,22,121231.0,120596.0,137730.0,126519.0,-0.8660254037844386,0.5000000000000001,0,0,0
15,2024-11-01,121341.0,11,4,23,121589.0,121231.0,120596.0,121138.66666666669,-0.5000000000000004,0.8660254037844384,0,0,0
15,2024-12-01,140023.0,12,4,24,121341.0,121589.0,121231.0,121387.0,-2.4492935982947064e-16,1.0,0,0,1
15,2025-01-01,118828.0,1,1,25,140023.0,121341.0,121589.0,127651.0,0.4999999999999999,0.8660254037844387,0,0,0
15,2025-02-01,113374.0,2,1,26,118828.0,140023.0,121341.0,126730.66666666669,0.8660254037844386,0.5000000000000001,0,0,0
15,2025-03-01,109040.0,3,1,27,113374.0,118828.0,140023.0,124075.0,1.0,6.123233995736766e-17,1,0,0
15,2025-04-01,145003.0,4,2,28,109040.0,113374.0,118828.0,113747.33333333331,0.8660254037844387,-0.4999999999999998,1,0,0
15,2025-05-01,138205.0,5,2,29,145003.0,109040.0,113374.0,122472.33333333331,0.4999999999999999,-0.8660254037844387,0,0,0
15,2025-06-01,122316.0,6,2,30,138205.0,145003.0,109040.0,130749.33333333331,1.2246467991473532e-16,-1.0,0,1,0
15,2025-07-01,152555.0,7,3,31,122316.0,138205.0,145003.0,135174.66666666666,-0.4999999999999997,-0.8660254037844388,0,1,0
15,2025-08-01,136946.0,8,3,32,152555.0,122316.0,138205.0,137692.0,-0.8660254037844384,-0.5000000000000004,0,0,0
15,2025-09-01,136031.0,9,3,33,136946.0,152555.0,122316.0,137272.33333333334,-1.0,-1.8369701987210294e-16,0,0,0
15,2025-10-01,149237.0,10,4,34,136031.0,136946.0,152555.0,141844.0,-0.8660254037844386,0.5000000000000001,0,0,0
15,2025-11-01,156859.0,11,4,35,149237.0,136031.0,136946.0,140738.0,-0.5000000000000004,0.8660254037844384,0,0,0
15,2025-12-01,149629.0,12,4,36,156859.0,149237.0,136031.0,147375.66666666666,-2.4492935982947064e-16,1.0,0,0,1
1B,2023-01-01,30943.0,1,1,1,,,,,0.4999999999999999,0.8660254037844387,0,0,0
1B,2023-02-01,27262.0,2,1,2,30943.0,,,,0.8660254037844386,0.5000000000000001,0,0,0
1B,2023-03-01,28974.0,3,1,3,27262.0,30943.0,,,1.0,6.123233995736766e-17,0,0,0
1B,2023-04-01,22834.0,4,2,4,28974.0,27262.0,30943.0,29059.666666666668,0.8660254037844387,-0.4999999999999998,1,0,0
1B,2023-05-01,30169.0,5,2,5,22834.0,28974.0,27262.0,26356.666666666668,0.4999999999999999,-0.8660254037844387,0,0,0
1B,2023-06-01,27551.0,6,2,6,30169.0,22834.0,28974.0,27325.666666666668,1.2246467991473532e-16,-1.0,0,1,0
1B,2023-07-01,32828.0,7,3,7,27551.0,30169.0,22834.0,26851.33333333333,-0.4999999999999997,-0.8660254037844388,0,1,0
1B,2023-08-01,34646.0,8,3,8,32828.0,27551.0,30169.0,30182.666666666668,-0.8660254037844384,-0.5000000000000004,0,0,0
1B,2023-09-01,35417.0,9,3,9,34646.0,32828.0,27551.0,31675.0,-1.0,-1.8369701987210294e-16,0,0,0
1B,2023-10-01,36311.0,10,4,10,35417.0,34646.0,32828.0,34297.0,-0.8660254037844386,0.5000000000000001,0,0,0
1B,2023-11-01,38663.0,11,4,11,36311.0,35417.0,34646.0,35458.0,-0.5000000000000004,0.8660254037844384,0,0,0
1B,2023-12-01,38065.0,12,4,12,38663.0,36311.0,35417.0,36797.0,-2.4492935982947064e-16,1.0,0,0,1
1B,2024-01-01,32344.0,1,1,13,38065.0,38663.0,36311.0,37679.66666666666,0.4999999999999999,0.8660254037844387,0,0,0
1B,2024-02-01,52075.0,2,1,14,32344.0,38065.0,38663.0,36357.333333333336,0.8660254037844386,0.5000000000000001,0,0,0
1B,2024-03-01,68219.0,3,1,15,52075.0,32344.0,38065.0,40828.0,1.0,6.123233995736766e-17,0,0,0
1B,2024-04-01,60867.0,4,2,16,68219.0,52075.0,32344.0,50879.333333333336,0.8660254037844387,-0.4999999999999998,1,0,0
1B,2024-05-01,71993.0,5,2,17,60867.0,68219.0,52075.0,60387.0,0.4999999999999999,-0.8660254037844387,0,0,0
1B,2024-06-01,65846.0,6,2,18,71993.0,60867.0,68219.0,67026.33333333333,1.2246467991473532e-16,-1.0,0,1,0
1B,2024-07-01,70624.0,7,3,19,65846.0,71993.0,60867.0,66235.33333333333,-0.4999999999999997,-0.8660254037844388,0,1,0
1B,2024-08-01,70459.0,8,3,20,70624.0,65846.0,71993.0,69487.66666666667,-0.8660254037844384,-0.5000000000000004,0,0,0
1B,2024-09-01,69424.0,9,3,21,70459.0,70624.0,65846.0,68976.33333333333,-1.0,-1.8369701987210294e-16,0,0,0
1B,2024-10-01,71977.0,10,4,22,69424.0,70459.0,70624.0,70169.0,-0.8660254037844386,0.5000000000000001,0,0,0
1B,2024-11-01,64956.0,11,4,23,71977.0,69424.0,70459.0,70620.0,-0.5000000000000004,0.8660254037844384,0,0,0
1B,2024-12-01,74719.0,12,4,24,64956.0,71977.0,69424.0,68785.66666666667,-2.4492935982947064e-16,1.0,0,0,1
1B,2025-01-01,56854.0,1,1,25,74719.0,64956.0,71977.0,70550.66666666667,0.4999999999999999,0.8660254037844387,0,0,0
1B,2025-02-01,34613.0,2,1,26,56854.0,74719.0,64956.0,65509.66666666666,0.8660254037844386,0.5000000000000001,0,0,0
1B,2025-03-01,25866.0,3,1,27,34613.0,56854.0,74719.0,55395.333333333336,1.0,6.123233995736766e-17,1,0,0
1B,2025-04-01,33705.0,4,2,28,25866.0,34613.0,56854.0,39111.0,0.8660254037844387,-0.4999999999999998,1,0,0
1B,2025-05-01,38739.0,5,2,29,33705.0,25866.0,34613.0,31394.666666666668,0.4999999999999999,-0.8660254037844387,0,0,0
1B,2025-06-01,31717.0,6,2,30,38739.0,33705.0,25866.0,32770.0,1.2246467991473532e-16,-1.0,0,1,0
1B,2025-07-01,44470.0,7,3,31,31717.0,38739.0,33705.0,34720.333333333336,-0.4999999999999997,-0.8660254037844388,0,1,0
1B,2025-08-01,44570.0,8,3,32,44470.0,31717.0,38739.0,38308.66666666666,-0.8660254037844384,-0.5000000000000004,0,0,0
1B,2025-09-01,45220.0,9,3,33,44570.0,44470.0,31717.0,40252.333333333336,-1.0,-1.8369701987210294e-16,0,0,0
1B,2025-10-01,47432.0,10,4,34,45220.0,44570.0,44470.0,44753.333333333336,-0.8660254037844386,0.5000000000000001,0,0,0
1B,2025-11-01,43822.0,11,4,35,47432.0,45220.0,44570.0,45740.66666666666,-0.5000000000000004,0.8660254037844384,0,0,0
1B,2025-12-01,46920.0,12,4,36,43822.0,47432.0,45220.0,45491.333333333336,-2.4492935982947064e-16,1.0,0,0,1
2B,2023-01-01,43807.0,1,1,1,,,,,0.4999999999999999,0.8660254037844387,0,0,0
2B,2023-02-01,41149.0,2,1,2,43807.0,,,,0.8660254037844386,0.5000000000000001,0,0,0
2B,2023-03-01,44210.0,3,1,3,41149.0,43807.0,,,1.0,6.123233995736766e-17,0,0,0
2B,2023-04-01,31884.0,4,2,4,44210.0,41149.0,43807.0,43055.333333333336,0.8660254037844387,-0.4999999999999998,1,0,0
2B,2023-05-01,43713.0,5,2,5,31884.0,44210.0,41149.0,39081.0,0.4999999999999999,-0.8660254037844387,0,0,0
2B,2023-06-01,37671.0,6,2,6,43713.0,31884.0,44210.0,39935.66666666666,1.2246467991473532e-16,-1.0,0,1,0
2B,2023-07-01,47128.0,7,3,7,37671.0,43713.0,31884.0,37756.0,-0.4999999999999997,-0.8660254037844388,0,1,0
2B,2023-08-01,53062.0,8,3,8,47128.0,37671.0,43713.0,42837.333333333336,-0.8660254037844384,-0.5000000000000004,0,0,0
2B,2023-09-01,52048.0,9,3,9,53062.0,47128.0,37671.0,45953.66666666666,-1.0,-1.8369701987210294e-16,0,0,0
2B,2023-10-01,53841.0,10,4,10,52048.0,53062.0,47128.0,50746.0,-0.8660254037844386,0.5000000000000001,0,0,0
2B,2023-11-01,52873.0,11,4,11,53841.0,52048.0,53062.0,52983.66666666666,-0.5000000000000004,0.8660254037844384,0,0,0
2B,2023-12-01,49005.0,12,4,12,52873.0,53841.0,52048.0,52920.66666666666,-2.4492935982947064e-16,1.0,0,0,1
2B,2024-01-01,47893.0,1,1,13,49005.0,52873.0,53841.0,51906.333333333336,0.4999999999999999,0.8660254037844387,0,0,0
2B,2024-02-01,57415.0,2,1,14,47893.0,49005.0,52873.0,49923.66666666666,0.8660254037844386,0.5000000000000001,0,0,0
2B,2024-03-01,56502.0,3,1,15,57415.0,47893.0,49005.0,51437.66666666666,1.0,6.123233995736766e-17,0,0,0
2B,2024-04-01,52955.0,4,2,16,56502.0,57415.0,47893.0,53936.66666666666,0.8660254037844387,-0.4999999999999998,1,0,0
2B,2024-05-01,71663.0,5,2,17,52955.0,56502.0,57415.0,55624.0,0.4999999999999999,-0.8660254037844387,0,0,0
2B,2024-06-01,63343.0,6,2,18,71663.0,52955.0,56502.0,60373.333333333336,1.2246467991473532e-16,-1.0,0,1,0
2B,2024-07-01,77511.0,7,3,19,63343.0,71663.0,52955.0,62653.66666666666,-0.4999999999999997,-0.8660254037844388,0,1,0
2B,2024-08-01,88808.0,8,3,20,77511.0,63343.0,71663.0,70839.0,-0.8660254037844384,-0.5000000000000004,0,0,0
2B,2024-09-01,81873.0,9,3,21,88808.0,77511.0,63343.0,76554.0,-1.0,-1.8369701987210294e-16,0,0,0
2B,2024-10-01,83658.0,10,4,22,81873.0,88808.0,77511.0,82730.66666666667,-0.8660254037844386,0.5000000000000001,0,0,0
2B,2024-11-01,72990.0,11,4,23,83658.0,81873.0,88808.0,84779.66666666667,-0.5000000000000004,0.8660254037844384,0,0,0
2B,2024-12-01,70922.0,12,4,24,72990.0,83658.0,81873.0,79507.0,-2.4492935982947064e-16,1.0,0,0,1
2B,2025-01-01,89915.0,1,1,25,70922.0,72990.0,83658.0,75856.66666666667,0.4999999999999999,0.8660254037844387,0,0,0
2B,2025-02-01,84129.0,2,1,26,89915.0,70922.0,72990.0,77942.33333333333,0.8660254037844386,0.5000000000000001,0,0,0
2B,2025-03-01,52013.0,3,1,27,84129.0,89915.0,70922.0,81655.33333333333,1.0,6.123233995736766e-17,1,0,0
2B,2025-04-01,58719.0,4,2,28,52013.0,84129.0,89915.0,75352.33333333333,0.8660254037844387,-0.4999999999999998,1,0,0
2B,2025-05-01,60853.0,5,2,29,58719.0,52013.0,84129.0,64953.66666666666,0.4999999999999999,-0.8660254037844387,0,0,0
2B,2025-06-01,48300.0,6,2,30,60853.0,58719.0,52013.0,57195.0,1.2246467991473532e-16,-1.0,0,1,0
2B,2025-07-01,67043.0,7,3,31,48300.0,60853.0,58719.0,55957.333333333336,-0.4999999999999997,-0.8660254037844388,0,1,0
2B,2025-08-01,75396.0,8,3,32,67043.0,48300.0,60853.0,58732.0,-0.8660254037844384,-0.5000000000000004,0,0,0
2B,2025-09-01,70479.0,9,3,33,75396.0,67043.0,48300.0,63579.66666666666,-1.0,-1.8369701987210294e-16,0,0,0
2B,2025-10-01,79317.0,10,4,34,70479.0,75396.0,67043.0,70972.66666666667,-0.8660254037844386,0.5000000000000001,0,0,0
2B,2025-11-01,68481.0,11,4,35,79317.0,70479.0,75396.0,75064.0,-0.5000000000000004,0.8660254037844384,0,0,0
2B,2025-12-01,68141.0,12,4,36,68481.0,79317.0,70479.0,72759.0,-2.4492935982947064e-16,1.0,0,0,1
3A,2023-01-01,71320.0,1,1,1,,,,,0.4999999999999999,0.8660254037844387,0,0,0
3A,2023-02-01,65740.0,2,1,2,71320.0,,,,0.8660254037844386,0.5000000000000001,0,0,0
3A,2023-03-01,72049.0,3,1,3,65740.0,71320.0,,,1.0,6.123233995736766e-17,0,0,0
3A,2023-04-01,59717.0,4,2,4,72049.0,65740.0,71320.0,69703.0,0.8660254037844387,-0.4999999999999998,1,0,0
3A,2023-05-01,73860.0,5,2,5,59717.0,72049.0,65740.0,65835.33333333333,0.4999999999999999,-0.8660254037844387,0,0,0
3A,2023-06-01,68475.0,6,2,6,73860.0,59717.0,72049.0,68542.0,1.2246467991473532e-16,-1.0,0,1,0
3A,2023-07-01,78507.0,7,3,7,68475.0,73860.0,59717.0,67350.66666666667,-0.4999999999999997,-0.8660254037844388,0,1,0
3A,2023-08-01,79031.0,8,3,8,78507.0,68475.0,73860.0,73614.0,-0.8660254037844384,-0.5000000000000004,0,0,0
3A,2023-09-01,78398.0,9,3,9,79031.0,78507.0,68475.0,75337.66666666667,-1.0,-1.8369701987210294e-16,0,0,0
3A,2023-10-01,81587.0,10,4,10,78398.0,79031.0,78507.0,78645.33333333333,-0.8660254037844386,0.5000000000000001,0,0,0
3A,2023-11-01,80923.0,11,4,11,81587.0,78398.0,79031.0,79672.0,-0.5000000000000004,0.8660254037844384,0,0,0
3A,2023-12-01,86746.0,12,4,12,80923.0,81587.0,78398.0,80302.66666666667,-2.4492935982947064e-16,1.0,0,0,1
3A,2024-01-01,75057.0,1,1,13,86746.0,80923.0,81587.0,83085.33333333333,0.4999999999999999,0.8660254037844387,0,0,0
3A,2024-02-01,100410.0,2,1,14,75057.0,86746.0,80923.0,80908.66666666667,0.8660254037844386,0.5000000000000001,0,0,0
3A,2024-03-01,112459.0,3,1,15,100410.0,75057.0,86746.0,87404.33333333333,1.0,6.123233995736766e-17,0,0,0
3A,2024-04-01,114197.0,4,2,16,112459.0,100410.0,75057.0,95975.33333333331,0.8660254037844387,-0.4999999999999998,1,0,0
3A,2024-05-01,124323.0,5,2,17,114197.0,112459.0,100410.0,109022.0,0.4999999999999999,-0.8660254037844387,0,0,0
3A,2024-06-01,118874.0,6,2,18,124323.0,114197.0,112459.0,116993.0,1.2246467991473532e-16,-1.0,0,1,0
3A,2024-07-01,131583.0,7,3,19,118874.0,124323.0,114197.0,119131.33333333331,-0.4999999999999997,-0.8660254037844388,0,1,0
3A,2024-08-01,122946.0,8,3,20,131583.0,118874.0,124323.0,124926.66666666669,-0.8660254037844384,-0.5000000000000004,0,0,0
3A,2024-09-01,138664.0,9,3,21,122946.0,131583.0,118874.0,124467.66666666669,-1.0,-1.8369701987210294e-16,0,0,0
3A,2024-10-01,149093.0,10,4,22,138664.0,122946.0,131583.0,131064.33333333331,-0.8660254037844386,0.5000000000000001,0,0,0
3A,2024-11-01,136093.0,11,4,23,149093.0,138664.0,122946.0,136901.0,-0.5000000000000004,0.8660254037844384,0,0,0
3A,2024-12-01,161611.0,12,4,24,136093.0,149093.0,138664.0,141283.33333333334,-2.4492935982947064e-16,1.0,0,0,1
3A,2025-01-01,166703.0,1,1,25,161611.0,136093.0,149093.0,148932.33333333334,0.4999999999999999,0.8660254037844387,0,0,0
3A,2025-02-01,131511.0,2,1,26,166703.0,161611.0,136093.0,154802.33333333334,0.8660254037844386,0.5000000000000001,0,0,0
3A,2025-03-01,89856.0,3,1,27,131511.0,166703.0,161611.0,153275.0,1.0,6.123233995736766e-17,1,0,0
3A,2025-04-01,97140.0,4,2,28,89856.0,131511.0,166703.0,129356.66666666669,0.8660254037844387,-0.4999999999999998,1,0,0
3A,2025-05-01,106986.0,5,2,29,97140.0,89856.0,131511.0,106169.0,0.4999999999999999,-0.8660254037844387,0,0,0
3A,2025-06-01,88510.0,6,2,30,106986.0,97140.0,89856.0,97994.0,1.2246467991473532e-16,-1.0,0,1,0
3A,2025-07-01,104285.0,7,3,31,88510.0,106986.0,97140.0,97545.33333333331,-0.4999999999999997,-0.8660254037844388,0,1,0
3A,2025-08-01,108553.0,8,3,32,104285.0,88510.0,106986.0,99927.0,-0.8660254037844384,-0.5000000000000004,0,0,0
3A,2025-09-01,107124.0,9,3,33,108553.0,104285.0,88510.0,100449.33333333331,-1.0,-1.8369701987210294e-16,0,0,0
3A,2025-10-01,117987.0,10,4,34,107124.0,108553.0,104285.0,106654.0,-0.8660254037844386,0.5000000000000001,0,0,0
3A,2025-11-01,116003.0,11,4,35,117987.0,107124.0,108553.0,111221.33333333331,-0.5000000000000004,0.8660254037844384,0,0,0
3A,2025-12-01,114178.0,12,4,36,116003.0,117987.0,107124.0,113704.66666666669,-2.4492935982947064e-16,1.0,0,0,1
3B,2023-01-01,48505.0,1,1,1,,,,,0.4999999999999999,0.8660254037844387,0,0,0
3B,2023-02-01,45388.0,2,1,2,48505.0,,,,0.8660254037844386,0.5000000000000001,0,0,0
3B,2023-03-01,50101.0,3,1,3,45388.0,48505.0,,,1.0,6.123233995736766e-17,0,0,0
3B,2023-04-01,40504.0,4,2,4,50101.0,45388.0,48505.0,47998.0,0.8660254037844387,-0.4999999999999998,1,0,0
3B,2023-05-01,51716.0,5,2,5,40504.0,50101.0,45388.0,45331.0,0.4999999999999999,-0.8660254037844387,0,0,0
3B,2023-06-01,46177.0,6,2,6,51716.0,40504.0,50101.0,47440.333333333336,1.2246467991473532e-16,-1.0,0,1,0
3B,2023-07-01,52542.0,7,3,7,46177.0,51716.0,40504.0,46132.333333333336,-0.4999999999999997,-0.8660254037844388,0,1,0
3B,2023-08-01,55565.0,8,3,8,52542.0,46177.0,51716.0,50145.0,-0.8660254037844384,-0.5000000000000004,0,0,0
3B,2023-09-01,55428.0,9,3,9,55565.0,52542.0,46177.0,51428.0,-1.0,-1.8369701987210294e-16,0,0,0
3B,2023-10-01,57667.0,10,4,10,55428.0,55565.0,52542.0,54511.66666666666,-0.8660254037844386,0.5000000000000001,0,0,0
3B,2023-11-01,55578.0,11,4,11,57667.0,55428.0,55565.0,56220.0,-0.5000000000000004,0.8660254037844384,0,0,0
3B,2023-12-01,56566.0,12,4,12,55578.0,57667.0,55428.0,56224.333333333336,-2.4492935982947064e-16,1.0,0,0,1
3B,2024-01-01,53210.0,1,1,13,56566.0,55578.0,57667.0,56603.66666666666,0.4999999999999999,0.8660254037844387,0,0,0
3B,2024-02-01,65884.0,2,1,14,53210.0,56566.0,55578.0,55118.0,0.8660254037844386,0.5000000000000001,0,0,0
3B,2024-03-01,75839.0,3,1,15,65884.0,53210.0,56566.0,58553.333333333336,1.0,6.123233995736766e-17,0,0,0
3B,2024-04-01,77729.0,4,2,16,75839.0,65884.0,53210.0,64977.66666666666,0.8660254037844387,-0.4999999999999998,1,0,0
3B,2024-05-01,86779.0,5,2,17,77729.0,75839.0,65884.0,73150.66666666667,0.4999999999999999,-0.8660254037844387,0,0,0
3B,2024-06-01,83238.0,6,2,18,86779.0,77729.0,75839.0,80115.66666666667,1.2246467991473532e-16,-1.0,0,1,0
3B,2024-07-01,102657.0,7,3,19,83238.0,86779.0,77729.0,82582.0,-0.4999999999999997,-0.8660254037844388,0,1,0
3B,2024-08-01,107626.0,8,3,20,102657.0,83238.0,86779.0,90891.33333333331,-0.8660254037844384,-0.5000000000000004,0,0,0
3B,2024-09-01,111227.0,9,3,21,107626.0,102657.0,83238.0,97840.33333333331,-1.0,-1.8369701987210294e-16,0,0,0
3B,2024-10-01,112075.0,10,4,22,111227.0,107626.0,102657.0,107170.0,-0.8660254037844386,0.5000000000000001,0,0,0
3B,2024-11-01,102271.0,11,4,23,112075.0,111227.0,107626.0,110309.33333333331,-0.5000000000000004,0.8660254037844384,0,0,0
3B,2024-12-01,98183.0,12,4,24,102271.0,112075.0,111227.0,108524.33333333331,-2.4492935982947064e-16,1.0,0,0,1
3B,2025-01-01,87086.0,1,1,25,98183.0,102271.0,112075.0,104176.33333333331,0.4999999999999999,0.8660254037844387,0,0,0
3B,2025-02-01,91830.0,2,1,26,87086.0,98183.0,102271.0,95846.66666666669,0.8660254037844386,0.5000000000000001,0,0,0
3B,2025-03-01,66198.0,3,1,27,91830.0,87086.0,98183.0,92366.33333333331,1.0,6.123233995736766e-17,1,0,0
3B,2025-04-01,70502.0,4,2,28,66198.0,91830.0,87086.0,81704.66666666667,0.8660254037844387,-0.4999999999999998,1,0,0
3B,2025-05-01,95264.0,5,2,29,70502.0,66198.0,91830.0,76176.66666666667,0.4999999999999999,-0.8660254037844387,0,0,0
3B,2025-06-01,66140.0,6,2,30,95264.0,70502.0,66198.0,77321.33333333333,1.2246467991473532e-16,-1.0,0,1,0
3B,2025-07-01,80668.0,7,3,31,66140.0,95264.0,70502.0,77302.0,-0.4999999999999997,-0.8660254037844388,0,1,0
3B,2025-08-01,76119.0,8,3,32,80668.0,66140.0,95264.0,80690.66666666667,-0.8660254037844384,-0.5000000000000004,0,0,0
3B,2025-09-01,86111.0,9,3,33,76119.0,80668.0,66140.0,74309.0,-1.0,-1.8369701987210294e-16,0,0,0
3B,2025-10-01,90206.0,10,4,34,86111.0,76119.0,80668.0,80966.0,-0.8660254037844386,0.5000000000000001,0,0,0
3B,2025-11-01,80522.0,11,4,35,90206.0,86111.0,76119.0,84145.33333333333,-0.5000000000000004,0.8660254037844384,0,0,0
3B,2025-12-01,81238.0,12,4,36,80522.0,90206.0,86111.0,85613.0,-2.4492935982947064e-16,1.0,0,0,1
4A,2023-01-01,7627.0,1,1,1,,,,,0.4999999999999999,0.8660254037844387,0,0,0
4A,2023-02-01,7939.0,2,1,2,7627.0,,,,0.8660254037844386,0.5000000000000001,0,0,0
4A,2023-03-01,8528.0,3,1,3,7939.0,7627.0,,,1.0,6.123233995736766e-17,0,0,0
4A,2023-04-01,6374.0,4,2,4,8528.0,7939.0,7627.0,8031.333333333333,0.8660254037844387,-0.4999999999999998,1,0,0
4A,2023-05-01,8335.0,5,2,5,6374.0,8528.0,7939.0,7613.666666666667,0.4999999999999999,-0.8660254037844387,0,0,0
4A,2023-06-01,7383.0,6,2,6,8335.0,6374.0,8528.0,7745.666666666667,1.2246467991473532e-16,-1.0,0,1,0
4A,2023-07-01,8492.0,7,3,7,7383.0,8335.0,6374.0,7364.0,-0.4999999999999997,-0.8660254037844388,0,1,0
4A,2023-08-01,8866.0,8,3,8,8492.0,7383.0,8335.0,8070.0,-0.8660254037844384,-0.5000000000000004,0,0,0
4A,2023-09-01,10312.0,9,3,9,8866.0,8492.0,7383.0,8247.0,-1.0,-1.8369701987210294e-16,0,0,0
4A,2023-10-01,10774.0,10,4,10,10312.0,8866.0,8492.0,9223.333333333334,-0.8660254037844386,0.5000000000000001,0,0,0
4A,2023-11-01,9853.0,11,4,11,10774.0,10312.0,8866.0,9984.0,-0.5000000000000004,0.8660254037844384,0,0,0
4A,2023-12-01,9433.0,12,4,12,9853.0,10774.0,10312.0,10313.0,-2.4492935982947064e-16,1.0,0,0,1
4A,2024-01-01,8472.0,1,1,13,9433.0,9853.0,10774.0,10020.0,0.4999999999999999,0.8660254037844387,0,0,0
4A,2024-02-01,11406.0,2,1,14,8472.0,9433.0,9853.0,9252.666666666666,0.8660254037844386,0.5000000000000001,0,0,0
4A,2024-03-01,10879.0,3,1,15,11406.0,8472.0,9433.0,9770.333333333334,1.0,6.123233995736766e-17,0,0,0
4A,2024-04-01,9671.0,4,2,16,10879.0,11406.0,8472.0,10252.333333333334,0.8660254037844387,-0.4999999999999998,1,0,0
4A,2024-05-01,12346.0,5,2,17,9671.0,10879.0,11406.0,10652.0,0.4999999999999999,-0.8660254037844387,0,0,0
4A,2024-06-01,10140.0,6,2,18,12346.0,9671.0,10879.0,10965.333333333334,1.2246467991473532e-16,-1.0,0,1,0
4A,2024-07-01,10928.0,7,3,19,10140.0,12346.0,9671.0,10719.0,-0.4999999999999997,-0.8660254037844388,0,1,0
4A,2024-08-01,12511.0,8,3,20,10928.0,10140.0,12346.0,11138.0,-0.8660254037844384,-0.5000000000000004,0,0,0
4A,2024-09-01,13915.0,9,3,21,12511.0,10928.0,10140.0,11193.0,-1.0,-1.8369701987210294e-16,0,0,0
4A,2024-10-01,17326.0,10,4,22,13915.0,12511.0,10928.0,12451.333333333334,-0.8660254037844386,0.5000000000000001,0,0,0
4A,2024-11-01,15443.0,11,4,23,17326.0,13915.0,12511.0,14584.0,-0.5000000000000004,0.8660254037844384,0,0,0
4A,2024-12-01,20564.0,12,4,24,15443.0,17326.0,13915.0,15561.333333333334,-2.4492935982947064e-16,1.0,0,0,1
4A,2025-01-01,24844.0,1,1,25,20564.0,15443.0,17326.0,17777.666666666668,0.4999999999999999,0.8660254037844387,0,0,0
4A,2025-02-01,14984.0,2,1,26,24844.0,20564.0,15443.0,20283.666666666668,0.8660254037844386,0.5000000000000001,0,0,0
4A,2025-03-01,14055.0,3,1,27,14984.0,24844.0,20564.0,20130.666666666668,1.0,6.123233995736766e-17,1,0,0
4A,2025-04-01,17746.0,4,2,28,14055.0,14984.0,24844.0,17961.0,0.8660254037844387,-0.4999999999999998,1,0,0
4A,2025-05-01,17997.0,5,2,29,17746.0,14055.0,14984.0,15595.0,0.4999999999999999,-0.8660254037844387,0,0,0
4A,2025-06-01,18757.0,6,2,30,17997.0,17746.0,14055.0,16599.333333333332,1.2246467991473532e-16,-1.0,0,1,0
4A,2025-07-01,20304.0,7,3,31,18757.0,17997.0,17746.0,18166.666666666668,-0.4999999999999997,-0.8660254037844388,0,1,0
4A,2025-08-01,20568.0,8,3,32,20304.0,18757.0,17997.0,19019.33333333333,-0.8660254037844384,-0.5000000000000004,0,0,0
4A,2025-09-01,20889.0,9,3,33,20568.0,20304.0,18757.0,19876.33333333333,-1.0,-1.8369701987210294e-16,0,0,0
4A,2025-10-01,24154.0,10,4,34,20889.0,20568.0,20304.0,20587.0,-0.8660254037844386,0.5000000000000001,0,0,0
4A,2025-11-01,27435.0,11,4,35,24154.0,20889.0,20568.0,21870.33333333333,-0.5000000000000004,0.8660254037844384,0,0,0
4A,2025-12-01,26237.0,12,4,36,27435.0,24154.0,20889.0,24159.33333333333,-2.4492935982947064e-16,1.0,0,0,1
4B,2023-01-01,5788.0,1,1,1,,,,,0.4999999999999999,0.8660254037844387,0,0,0
4B,2023-02-01,5917.0,2,1,2,5788.0,,,,0.8660254037844386,0.5000000000000001,0,0,0
4B,2023-03-01,6261.0,3,1,3,5917.0,5788.0,,,1.0,6.123233995736766e-17,0,0,0
4B,2023-04-01,5256.0,4,2,4,6261.0,5917.0,5788.0,5988.666666666667,0.8660254037844387,-0.4999999999999998,1,0,0
4B,2023-05-01,6984.0,5,2,5,5256.0,6261.0,5917.0,5811.333333333333,0.4999999999999999,-0.8660254037844387,0,0,0
4B,2023-06-01,5622.0,6,2,6,6984.0,5256.0,6261.0,6167.0,1.2246467991473532e-16,-1.0,0,1,0
4B,2023-07-01,6197.0,7,3,7,5622.0,6984.0,5256.0,5954.0,-0.4999999999999997,-0.8660254037844388,0,1,0
4B,2023-08-01,6933.0,8,3,8,6197.0,5622.0,6984.0,6267.666666666667,-0.8660254037844384,-0.5000000000000004,0,0,0
4B,2023-09-01,7750.0,9,3,9,6933.0,6197.0,5622.0,6250.666666666667,-1.0,-1.8369701987210294e-16,0,0,0
4B,2023-10-01,8189.0,10,4,10,7750.0,6933.0,6197.0,6960.0,-0.8660254037844386,0.5000000000000001,0,0,0
4B,2023-11-01,8398.0,11,4,11,8189.0,7750.0,6933.0,7624.0,-0.5000000000000004,0.8660254037844384,0,0,0
4B,2023-12-01,8289.0,12,4,12,8398.0,8189.0,7750.0,8112.333333333333,-2.4492935982947064e-16,1.0,0,0,1
4B,2024-01-01,6960.0,1,1,13,8289.0,8398.0,8189.0,8292.0,0.4999999999999999,0.8660254037844387,0,0,0
4B,2024-02-01,8928.0,2,1,14,6960.0,8289.0,8398.0,7882.333333333333,0.8660254037844386,0.5000000000000001,0,0,0
4B,2024-03-01,9627.0,3,1,15,8928.0,6960.0,8289.0,8059.0,1.0,6.123233995736766e-17,0,0,0
4B,2024-04-01,9078.0,4,2,16,9627.0,8928.0,6960.0,8505.0,0.8660254037844387,-0.4999999999999998,1,0,0
4B,2024-05-01,18089.0,5,2,17,9078.0,9627.0,8928.0,9211.0,0.4999999999999999,-0.8660254037844387,0,0,0
4B,2024-06-01,10798.0,6,2,18,18089.0,9078.0,9627.0,12264.666666666666,1.2246467991473532e-16,-1.0,0,1,0
4B,2024-07-01,13493.0,7,3,19,10798.0,18089.0,9078.0,12655.0,-0.4999999999999997,-0.8660254037844388,0,1,0
4B,2024-08-01,15673.0,8,3,20,13493.0,10798.0,18089.0,14126.666666666666,-0.8660254037844384,-0.5000000000000004,0,0,0
4B,2024-09-01,16784.0,9,3,21,15673.0,13493.0,10798.0,13321.333333333334,-1.0,-1.8369701987210294e-16,0,0,0
4B,2024-10-01,17793.0,10,4,22,16784.0,15673.0,13493.0,15316.666666666666,-0.8660254037844386,0.5000000000000001,0,0,0
4B,2024-11-01,16918.0,11,4,23,17793.0,16784.0,15673.0,16750.0,-0.5000000000000004,0.8660254037844384,0,0,0
4B,2024-12-01,12789.0,12,4,24,16918.0,17793.0,16784.0,17165.0,-2.4492935982947064e-16,1.0,0,0,1
4B,2025-01-01,15158.0,1,1,25,12789.0,16918.0,17793.0,15833.333333333334,0.4999999999999999,0.8660254037844387,0,0,0
4B,2025-02-01,16460.0,2,1,26,15158.0,12789.0,16918.0,14955.0,0.8660254037844386,0.5000000000000001,0,0,0
4B,2025-03-01,11487.0,3,1,27,16460.0,15158.0,12789.0,14802.333333333334,1.0,6.123233995736766e-17,1,0,0
4B,2025-04-01,12506.0,4,2,28,11487.0,16460.0,15158.0,14368.333333333334,0.8660254037844387,-0.4999999999999998,1,0,0
4B,2025-05-01,16013.0,5,2,29,12506.0,11487.0,16460.0,13484.333333333334,0.4999999999999999,-0.8660254037844387,0,0,0
4B,2025-06-01,13094.0,6,2,30,16013.0,12506.0,11487.0,13335.333333333334,1.2246467991473532e-16,-1.0,0,1,0
4B,2025-07-01,12921.0,7,3,31,13094.0,16013.0,12506.0,13871.0,-0.4999999999999997,-0.8660254037844388,0,1,0
4B,2025-08-01,13461.0,8,3,32,12921.0,13094.0,16013.0,14009.333333333334,-0.8660254037844384,-0.5000000000000004,0,0,0
4B,2025-09-01,15163.0,9,3,33,13461.0,12921.0,13094.0,13158.666666666666,-1.0,-1.8369701987210294e-16,0,0,0
4B,2025-10-01,16399.0,10,4,34,15163.0,13461.0,12921.0,13848.333333333334,-0.8660254037844386,0.5000000000000001,0,0,0
4B,2025-11-01,16521.0,11,4,35,16399.0,15163.0,13461.0,15007.666666666666,-0.5000000000000004,0.8660254037844384,0,0,0
4B,2025-12-01,29395.0,12,4,36,16521.0,16399.0,15163.0,16027.666666666666,-2.4492935982947064e-16,1.0,0,0,1
5A,2023-01-01,8789.0,1,1,1,,,,,0.4999999999999999,0.8660254037844387,0,0,0
5A,2023-02-01,8438.0,2,1,2,8789.0,,,,0.8660254037844386,0.5000000000000001,0,0,0
5A,2023-03-01,9121.0,3,1,3,8438.0,8789.0,,,1.0,6.123233995736766e-17,0,0,0
5A,2023-04-01,6785.0,4,2,4,9121.0,8438.0,8789.0,8782.666666666666,0.8660254037844387,-0.4999999999999998,1,0,0
5A,2023-05-01,8965.0,5,2,5,6785.0,9121.0,8438.0,8114.666666666667,0.4999999999999999,-0.8660254037844387,0,0,0
5A,2023-06-01,7856.0,6,2,6,8965.0,6785.0,9121.0,8290.333333333334,1.2246467991473532e-16,-1.0,0,1,0
5A,2023-07-01,9520.0,7,3,7,7856.0,8965.0,6785.0,7868.666666666667,-0.4999999999999997,-0.8660254037844388,0,1,0
5A,2023-08-01,11341.0,8,3,8,9520.0,7856.0,8965.0,8780.333333333334,-0.8660254037844384,-0.5000000000000004,0,0,0
5A,2023-09-01,11868.0,9,3,9,11341.0,9520.0,7856.0,9572.333333333334,-1.0,-1.8369701987210294e-16,0,0,0
5A,2023-10-01,12143.0,10,4,10,11868.0,11341.0,9520.0,10909.666666666666,-0.8660254037844386,0.5000000000000001,0,0,0
5A,2023-11-01,12819.0,11,4,11,12143.0,11868.0,11341.0,11784.0,-0.5000000000000004,0.8660254037844384,0,0,0
5A,2023-12-01,12437.0,12,4,12,12819.0,12143.0,11868.0,12276.666666666666,-2.4492935982947064e-16,1.0,0,0,1
5A,2024-01-01,11348.0,1,1,13,12437.0,12819.0,12143.0,12466.333333333334,0.4999999999999999,0.8660254037844387,0,0,0
5A,2024-02-01,14711.0,2,1,14,11348.0,12437.0,12819.0,12201.333333333334,0.8660254037844386,0.5000000000000001,0,0,0
5A,2024-03-01,14847.0,3,1,15,14711.0,11348.0,12437.0,12832.0,1.0,6.123233995736766e-17,0,0,0
5A,2024-04-01,14206.0,4,2,16,14847.0,14711.0,11348.0,13635.333333333334,0.8660254037844387,-0.4999999999999998,1,0,0
5A,2024-05-01,15281.0,5,2,17,14206.0,14847.0,14711.0,14588.0,0.4999999999999999,-0.8660254037844387,0,0,0
5A,2024-06-01,14744.0,6,2,18,15281.0,14206.0,14847.0,14778.0,1.2246467991473532e-16,-1.0,0,1,0
5A,2024-07-01,15469.0,7,3,19,14744.0,15281.0,14206.0,14743.666666666666,-0.4999999999999997,-0.8660254037844388,0,1,0
5A,2024-08-01,16770.0,8,3,20,15469.0,14744.0,15281.0,15164.666666666666,-0.8660254037844384,-0.5000000000000004,0,0,0
5A,2024-09-01,16412.0,9,3,21,16770.0,15469.0,14744.0,15661.0,-1.0,-1.8369701987210294e-16,0,0,0
5A,2024-10-01,19084.0,10,4,22,16412.0,16770.0,15469.0,16217.0,-0.8660254037844386,0.5000000000000001,0,0,0
5A,2024-11-01,22533.0,11,4,23,19084.0,16412.0,16770.0,17422.0,-0.5000000000000004,0.8660254037844384,0,0,0
5A,2024-12-01,22533.0,12,4,24,22533.0,19084.0,16412.0,19343.0,-2.4492935982947064e-16,1.0,0,0,1
5A,2025-01-01,20772.0,1,1,25,22533.0,22533.0,19084.0,21383.33333333333,0.4999999999999999,0.8660254037844387,0,0,0
5A,2025-02-01,21298.0,2,1,26,20772.0,22533.0,22533.0,21946.0,0.8660254037844386,0.5000000000000001,0,0,0
5A,2025-03-01,22488.0,3,1,27,21298.0,20772.0,22533.0,21534.33333333333,1.0,6.123233995736766e-17,1,0,0
5A,2025-04-01,23994.0,4,2,28,22488.0,21298.0,20772.0,21519.33333333333,0.8660254037844387,-0.4999999999999998,1,0,0
5A,2025-05-01,23324.0,5,2,29,23994.0,22488.0,21298.0,22593.33333333333,0.4999999999999999,-0.8660254037844387,0,0,0
5A,2025-06-01,37209.0,6,2,30,23324.0,23994.0,22488.0,23268.666666666668,1.2246467991473532e-16,-1.0,0,1,0
5A,2025-07-01,30270.0,7,3,31,37209.0,23324.0,23994.0,28175.666666666668,-0.4999999999999997,-0.8660254037844388,0,1,0
5A,2025-08-01,29653.0,8,3,32,30270.0,37209.0,23324.0,30267.666666666668,-0.8660254037844384,-0.5000000000000004,0,0,0
5A,2025-09-01,31727.0,9,3,33,29653.0,30270.0,37209.0,32377.33333333333,-1.0,-1.8369701987210294e-16,0,0,0
5A,2025-10-01,33468.0,10,4,34,31727.0,29653.0,30270.0,30550.0,-0.8660254037844386,0.5000000000000001,0,0,0
5A,2025-11-01,32460.0,11,4,35,33468.0,31727.0,29653.0,31616.0,-0.5000000000000004,0.8660254037844384,0,0,0
5A,2025-12-01,29481.0,12,4,36,32460.0,33468.0,31727.0,32551.666666666668,-2.4492935982947064e-16,1.0,0,0,1
5B,2023-01-01,16319.0,1,1,1,,,,,0.4999999999999999,0.8660254037844387,0,0,0
5B,2023-02-01,16967.0,2,1,2,16319.0,,,,0.8660254037844386,0.5000000000000001,0,0,0
5B,2023-03-01,19090.0,3,1,3,16967.0,16319.0,,,1.0,6.123233995736766e-17,0,0,0
5B,2023-04-01,15152.0,4,2,4,19090.0,16967.0,16319.0,17458.666666666668,0.8660254037844387,-0.4999999999999998,1,0,0
5B,2023-05-01,20159.0,5,2,5,15152.0,19090.0,16967.0,17069.666666666668,0.4999999999999999,-0.8660254037844387,0,0,0
5B,2023-06-01,17650.0,6,2,6,20159.0,15152.0,19090.0,18133.666666666668,1.2246467991473532e-16,-1.0,0,1,0
5B,2023-07-01,20881.0,7,3,7,17650.0,20159.0,15152.0,17653.666666666668,-0.4999999999999997,-0.8660254037844388,0,1,0
5B,2023-08-01,22989.0,8,3,8,20881.0,17650.0,20159.0,19563.33333333333,-0.8660254037844384,-0.5000000000000004,0,0,0
5B,2023-09-01,24567.0,9,3,9,22989.0,20881.0,17650.0,20506.666666666668,-1.0,-1.8369701987210294e-16,0,0,0
5B,2023-10-01,25463.0,10,4,10,24567.0,22989.0,20881.0,22812.33333333333,-0.8660254037844386,0.5000000000000001,0,0,0
5B,2023-11-01,25090.0,11,4,11,25463.0,24567.0,22989.0,24339.666666666668,-0.5000000000000004,0.8660254037844384,0,0,0
5B,2023-12-01,25551.0,12,4,12,25090.0,25463.0,24567.0,25040.0,-2.4492935982947064e-16,1.0,0,0,1
5B,2024-01-01,22770.0,1,1,13,25551.0,25090.0,25463.0,25368.0,0.4999999999999999,0.8660254037844387,0,0,0
5B,2024-02-01,27868.0,2,1,14,22770.0,25551.0,25090.0,24470.33333333333,0.8660254037844386,0.5000000000000001,0,0,0
5B,2024-03-01,28394.0,3,1,15,27868.0,22770.0,25551.0,25396.33333333333,1.0,6.123233995736766e-17,0,0,0
5B,2024-04-01,24527.0,4,2,16,28394.0,27868.0,22770.0,26344.0,0.8660254037844387,-0.4999999999999998,1,0,0
5B,2024-05-01,28143.0,5,2,17,24527.0,28394.0,27868.0,26929.666666666668,0.4999999999999999,-0.8660254037844387,0,0,0
5B,2024-06-01,26460.0,6,2,18,28143.0,24527.0,28394.0,27021.33333333333,1.2246467991473532e-16,-1.0,0,1,0
5B,2024-07-01,28130.0,7,3,19,26460.0,28143.0,24527.0,26376.666666666668,-0.4999999999999997,-0.8660254037844388,0,1,0
5B,2024-08-01,30689.0,8,3,20,28130.0,26460.0,28143.0,27577.666666666668,-0.8660254037844384,-0.5000000000000004,0,0,0
5B,2024-09-01,31852.0,9,3,21,30689.0,28130.0,26460.0,28426.33333333333,-1.0,-1.8369701987210294e-16,0,0,0
5B,2024-10-01,33127.0,10,4,22,31852.0,30689.0,28130.0,30223.666666666668,-0.8660254037844386,0.5000000000000001,0,0,0
5B,2024-11-01,31061.0,11,4,23,33127.0,31852.0,30689.0,31889.33333333333,-0.5000000000000004,0.8660254037844384,0,0,0
5B,2024-12-01,37933.0,12,4,24,31061.0,33127.0,31852.0,32013.33333333333,-2.4492935982947064e-16,1.0,0,0,1
5B,2025-01-01,23836.0,1,1,25,37933.0,31061.0,33127.0,34040.333333333336,0.4999999999999999,0.8660254037844387,0,0,0
5B,2025-02-01,28030.0,2,1,26,23836.0,37933.0,31061.0,30943.33333333333,0.8660254037844386,0.5000000000000001,0,0,0
5B,2025-03-01,24482.0,3,1,27,28030.0,23836.0,37933.0,29933.0,1.0,6.123233995736766e-17,1,0,0
5B,2025-04-01,24532.0,4,2,28,24482.0,28030.0,23836.0,25449.33333333333,0.8660254037844387,-0.4999999999999998,1,0,0
5B,2025-05-01,25416.0,5,2,29,24532.0,24482.0,28030.0,25681.33333333333,0.4999999999999999,-0.8660254037844387,0,0,0
5B,2025-06-01,21705.0,6,2,30,25416.0,24532.0,24482.0,24810.0,1.2246467991473532e-16,-1.0,0,1,0
5B,2025-07-01,32124.0,7,3,31,21705.0,25416.0,24532.0,23884.33333333333,-0.4999999999999997,-0.8660254037844388,0,1,0
5B,2025-08-01,35688.0,8,3,32,32124.0,21705.0,25416.0,26415.0,-0.8660254037844384,-0.5000000000000004,0,0,0
5B,2025-09-01,24145.0,9,3,33,35688.0,32124.0,21705.0,29839.0,-1.0,-1.8369701987210294e-16,0,0,0
5B,2025-10-01,33581.0,10,4,34,24145.0,35688.0,32124.0,30652.33333333333,-0.8660254037844386,0.5000000000000001,0,0,0
5B,2025-11-01,28749.0,11,4,35,33581.0,24145.0,35688.0,31138.0,-0.5000000000000004,0.8660254037844384,0,0,0
5B,2025-12-01,27387.0,12,4,36,28749.0,33581.0,24145.0,28825.0,-2.4492935982947064e-16,1.0,0,0,1
6,2023-01-01,15678.0,1,1,1,,,,,0.4999999999999999,0.8660254037844387,0,0,0
6,2023-02-01,14559.0,2,1,2,15678.0,,,,0.8660254037844386,0.5000000000000001,0,0,0
6,2023-03-01,16488.0,3,1,3,14559.0,15678.0,,,1.0,6.123233995736766e-17,0,0,0
6,2023-04-01,11902.0,4,2,4,16488.0,14559.0,15678.0,15575.0,0.8660254037844387,-0.4999999999999998,1,0,0
6,2023-05-01,16383.0,5,2,5,11902.0,16488.0,14559.0,14316.333333333334,0.4999999999999999,-0.8660254037844387,0,0,0
6,2023-06-01,15214.0,6,2,6,16383.0,11902.0,16488.0,14924.333333333334,1.2246467991473532e-16,-1.0,0,1,0
6,2023-07-01,17083.0,7,3,7,15214.0,16383.0,11902.0,14499.666666666666,-0.4999999999999997,-0.8660254037844388,0,1,0
6,2023-08-01,18536.0,8,3,8,17083.0,15214.0,16383.0,16226.666666666666,-0.8660254037844384,-0.5000000000000004,0,0,0
6,2023-09-01,20463.0,9,3,9,18536.0,17083.0,15214.0,16944.333333333332,-1.0,-1.8369701987210294e-16,0,0,0
6,2023-10-01,29380.0,10,4,10,20463.0,18536.0,17083.0,18694.0,-0.8660254037844386,0.5000000000000001,0,0,0
6,2023-11-01,29077.0,11,4,11,29380.0,20463.0,18536.0,22793.0,-0.5000000000000004,0.8660254037844384,0,0,0
6,2023-12-01,35989.0,12,4,12,29077.0,29380.0,20463.0,26306.666666666668,-2.4492935982947064e-16,1.0,0,0,1
6,2024-01-01,30786.0,1,1,13,35989.0,29077.0,29380.0,31482.0,0.4999999999999999,0.8660254037844387,0,0,0
6,2024-02-01,41176.0,2,1,14,30786.0,35989.0,29077.0,31950.666666666668,0.8660254037844386,0.5000000000000001,0,0,0
6,2024-03-01,38148.0,3,1,15,41176.0,30786.0,35989.0,35983.666666666664,1.0,6.123233995736766e-17,0,0,0
6,2024-04-01,36149.0,4,2,16,38148.0,41176.0,30786.0,36703.333333333336,0.8660254037844387,-0.4999999999999998,1,0,0
6,2024-05-01,42005.0,5,2,17,36149.0,38148.0,41176.0,38491.0,0.4999999999999999,-0.8660254037844387,0,0,0
6,2024-06-01,38612.0,6,2,18,42005.0,36149.0,38148.0,38767.333333333336,1.2246467991473532e-16,-1.0,0,1,0
6,2024-07-01,43663.0,7,3,19,38612.0,42005.0,36149.0,38922.0,-0.4999999999999997,-0.8660254037844388,0,1,0
6,2024-08-01,43618.0,8,3,20,43663.0,38612.0,42005.0,41426.66666666666,-0.8660254037844384,-0.5000000000000004,0,0,0
6,2024-09-01,47767.0,9,3,21,43618.0,43663.0,38612.0,41964.333333333336,-1.0,-1.8369701987210294e-16,0,0,0
6,2024-10-01,46957.0,10,4,22,47767.0,43618.0,43663.0,45016.0,-0.8660254037844386,0.5000000000000001,0,0,0
6,2024-11-01,44748.0,11,4,23,46957.0,47767.0,43618.0,46114.0,-0.5000000000000004,0.8660254037844384,0,0,0
6,2024-12-01,46098.0,12,4,24,44748.0,46957.0,47767.0,46490.66666666666,-2.4492935982947064e-16,1.0,0,0,1
6,2025-01-01,40288.0,1,1,25,46098.0,44748.0,46957.0,45934.333333333336,0.4999999999999999,0.8660254037844387,0,0,0
6,2025-02-01,28997.0,2,1,26,40288.0,46098.0,44748.0,43711.333333333336,0.8660254037844386,0.5000000000000001,0,0,0
6,2025-03-01,24248.0,3,1,27,28997.0,40288.0,46098.0,38461.0,1.0,6.123233995736766e-17,1,0,0
6,2025-04-01,27187.0,4,2,28,24248.0,28997.0,40288.0,31177.666666666668,0.8660254037844387,-0.4999999999999998,1,0,0
6,2025-05-01,31988.0,5,2,29,27187.0,24248.0,28997.0,26810.666666666668,0.4999999999999999,-0.8660254037844387,0,0,0
6,2025-06-01,24904.0,6,2,30,31988.0,27187.0,24248.0,27807.666666666668,1.2246467991473532e-16,-1.0,0,1,0
6,2025-07-01,32638.0,7,3,31,24904.0,31988.0,27187.0,28026.33333333333,-0.4999999999999997,-0.8660254037844388,0,1,0
6,2025-08-01,33062.0,8,3,32,32638.0,24904.0,31988.0,29843.33333333333,-0.8660254037844384,-0.5000000000000004,0,0,0
6,2025-09-01,35096.0,9,3,33,33062.0,32638.0,24904.0,30201.33333333333,-1.0,-1.8369701987210294e-16,0,0,0
6,2025-10-01,37960.0,10,4,34,35096.0,33062.0,32638.0,33598.666666666664,-0.8660254037844386,0.5000000000000001,0,0,0
6,2025-11-01,43741.0,11,4,35,37960.0,35096.0,33062.0,35372.666666666664,-0.5000000000000004,0.8660254037844384,0,0,0
6,2025-12-01,36822.0,12,4,36,43741.0,37960.0,35096.0,38932.333333333336,-2.4492935982947064e-16,1.0,0,0,1
8,2023-01-01,25702.0,1,1,1,,,,,0.4999999999999999,0.8660254037844387,0,0,0
8,2023-02-01,22606.0,2,1,2,25702.0,,,,0.8660254037844386,0.5000000000000001,0,0,0
8,2023-03-01,23268.0,3,1,3,22606.0,25702.0,,,1.0,6.123233995736766e-17,0,0,0
8,2023-04-01,20537.0,4,2,4,23268.0,22606.0,25702.0,23858.666666666668,0.8660254037844387,-0.4999999999999998,1,0,0
8,2023-05-01,25397.0,5,2,5,20537.0,23268.0,22606.0,22137.0,0.4999999999999999,-0.8660254037844387,0,0,0
8,2023-06-01,23373.0,6,2,6,25397.0,20537.0,23268.0,23067.33333333333,1.2246467991473532e-16,-1.0,0,1,0
8,2023-07-01,27509.0,7,3,7,23373.0,25397.0,20537.0,23102.33333333333,-0.4999999999999997,-0.8660254037844388,0,1,0
8,2023-08-01,26050.0,8,3,8,27509.0,23373.0,25397.0,25426.33333333333,-0.8660254037844384,-0.5000000000000004,0,0,0
8,2023-09-01,27691.0,9,3,9,26050.0,27509.0,23373.0,25644.0,-1.0,-1.8369701987210294e-16,0,0,0
8,2023-10-01,27196.0,10,4,10,27691.0,26050.0,27509.0,27083.33333333333,-0.8660254037844386,0.5000000000000001,0,0,0
8,2023-11-01,26949.0,11,4,11,27196.0,27691.0,26050.0,26979.0,-0.5000000000000004,0.8660254037844384,0,0,0
8,2023-12-01,30254.0,12,4,12,26949.0,27196.0,27691.0,27278.666666666668,-2.4492935982947064e-16,1.0,0,0,1
8,2024-01-01,26454.0,1,1,13,30254.0,26949.0,27196.0,28133.0,0.4999999999999999,0.8660254037844387,0,0,0
8,2024-02-01,30554.0,2,1,14,26454.0,30254.0,26949.0,27885.666666666668,0.8660254037844386,0.5000000000000001,0,0,0
8,2024-03-01,27833.0,3,1,15,30554.0,26454.0,30254.0,29087.33333333333,1.0,6.123233995736766e-17,0,0,0
8,2024-04-01,26604.0,4,2,16,27833.0,30554.0,26454.0,28280.33333333333,0.8660254037844387,-0.4999999999999998,1,0,0
8,2024-05-01,30953.0,5,2,17,26604.0,27833.0,30554.0,28330.33333333333,0.4999999999999999,-0.8660254037844387,0,0,0
8,2024-06-01,29654.0,6,2,18,30953.0,26604.0,27833.0,28463.33333333333,1.2246467991473532e-16,-1.0,0,1,0
8,2024-07-01,32920.0,7,3,19,29654.0,30953.0,26604.0,29070.33333333333,-0.4999999999999997,-0.8660254037844388,0,1,0
8,2024-08-01,29407.0,8,3,20,32920.0,29654.0,30953.0,31175.666666666668,-0.8660254037844384,-0.5000000000000004,0,0,0
8,2024-09-01,31246.0,9,3,21,29407.0,32920.0,29654.0,30660.33333333333,-1.0,-1.8369701987210294e-16,0,0,0
8,2024-10-01,32526.0,10,4,22,31246.0,29407.0,32920.0,31191.0,-0.8660254037844386,0.5000000000000001,0,0,0
8,2024-11-01,30491.0,11,4,23,32526.0,31246.0,29407.0,31059.666666666668,-0.5000000000000004,0.8660254037844384,0,0,0
8,2024-12-01,35370.0,12,4,24,30491.0,32526.0,31246.0,31421.0,-2.4492935982947064e-16,1.0,0,0,1
8,2025-01-01,27852.0,1,1,25,35370.0,30491.0,32526.0,32795.666666666664,0.4999999999999999,0.8660254037844387,0,0,0
8,2025-02-01,28817.0,2,1,26,27852.0,35370.0,30491.0,31237.666666666668,0.8660254037844386,0.5000000000000001,0,0,0
8,2025-03-01,27957.0,3,1,27,28817.0,27852.0,35370.0,30679.666666666668,1.0,6.123233995736766e-17,1,0,0
8,2025-04-01,31191.0,4,2,28,27957.0,28817.0,27852.0,28208.666666666668,0.8660254037844387,-0.4999999999999998,1,0,0
8,2025-05-01,30633.0,5,2,29,31191.0,27957.0,28817.0,29321.666666666668,0.4999999999999999,-0.8660254037844387,0,0,0
8,2025-06-01,28056.0,6,2,30,30633.0,31191.0,27957.0,29927.0,1.2246467991473532e-16,-1.0,0,1,0
8,2025-07-01,41277.0,7,3,31,28056.0,30633.0,31191.0,29960.0,-0.4999999999999997,-0.8660254037844388,0,1,0
8,2025-08-01,42374.0,8,3,32,41277.0,28056.0,30633.0,33322.0,-0.8660254037844384,-0.5000000000000004,0,0,0
8,2025-09-01,42844.0,9,3,33,42374.0,41277.0,28056.0,37235.66666666666,-1.0,-1.8369701987210294e-16,0,0,0
8,2025-10-01,54373.0,10,4,34,42844.0,42374.0,41277.0,42165.0,-0.8660254037844386,0.5000000000000001,0,0,0
8,2025-11-01,49153.0,11,4,35,54373.0,42844.0,42374.0,46530.333333333336,-0.5000000000000004,0.8660254037844384,0,0,0
8,2025-12-01,57753.0,12,4,36,49153.0,54373.0,42844.0,48790.0,-2.4492935982947064e-16,1.0,0,0,1
9,2023-01-01,24362.0,1,1,1,,,,,0.4999999999999999,0.8660254037844387,0,0,0
9,2023-02-01,22407.0,2,1,2,24362.0,,,,0.8660254037844386,0.5000000000000001,0,0,0
9,2023-03-01,24105.0,3,1,3,22407.0,24362.0,,,1.0,6.123233995736766e-17,0,0,0
9,2023-04-01,20973.0,4,2,4,24105.0,22407.0,24362.0,23624.666666666668,0.8660254037844387,-0.4999999999999998,1,0,0
9,2023-05-01,26014.0,5,2,5,20973.0,24105.0,22407.0,22495.0,0.4999999999999999,-0.8660254037844387,0,0,0
9,2023-06-01,23300.0,6,2,6,26014.0,20973.0,24105.0,23697.33333333333,1.2246467991473532e-16,-1.0,0,1,0
9,2023-07-01,26776.0,7,3,7,23300.0,26014.0,20973.0,23429.0,-0.4999999999999997,-0.8660254037844388,0,1,0
9,2023-08-01,26354.0,8,3,8,26776.0,23300.0,26014.0,25363.33333333333,-0.8660254037844384,-0.5000000000000004,0,0,0
9,2023-09-01,27881.0,9,3,9,26354.0,26776.0,23300.0,25476.666666666668,-1.0,-1.8369701987210294e-16,0,0,0
9,2023-10-01,29157.0,10,4,10,27881.0,26354.0,26776.0,27003.666666666668,-0.8660254037844386,0.5000000000000001,0,0,0
9,2023-11-01,27332.0,11,4,11,29157.0,27881.0,26354.0,27797.33333333333,-0.5000000000000004,0.8660254037844384,0,0,0
9,2023-12-01,30743.0,12,4,12,27332.0,29157.0,27881.0,28123.33333333333,-2.4492935982947064e-16,1.0,0,0,1
9,2024-01-01,27560.0,1,1,13,30743.0,27332.0,29157.0,29077.33333333333,0.4999999999999999,0.8660254037844387,0,0,0
9,2024-02-01,28479.0,2,1,14,27560.0,30743.0,27332.0,28545.0,0.8660254037844386,0.5000000000000001,0,0,0
9,2024-03-01,29616.0,3,1,15,28479.0,27560.0,30743.0,28927.33333333333,1.0,6.123233995736766e-17,0,0,0
9,2024-04-01,29444.0,4,2,16,29616.0,28479.0,27560.0,28551.666666666668,0.8660254037844387,-0.4999999999999998,1,0,0
9,2024-05-01,31846.0,5,2,17,29444.0,29616.0,28479.0,29179.666666666668,0.4999999999999999,-0.8660254037844387,0,0,0
9,2024-06-01,28644.0,6,2,18,31846.0,29444.0,29616.0,30302.0,1.2246467991473532e-16,-1.0,0,1,0
9,2024-07-01,32594.0,7,3,19,28644.0,31846.0,29444.0,29978.0,-0.4999999999999997,-0.8660254037844388,0,1,0
9,2024-08-01,32115.0,8,3,20,32594.0,28644.0,31846.0,31028.0,-0.8660254037844384,-0.5000000000000004,0,0,0
9,2024-09-01,32923.0,9,3,21,32115.0,32594.0,28644.0,31117.666666666668,-1.0,-1.8369701987210294e-16,0,0,0
9,2024-10-01,35914.0,10,4,22,32923.0,32115.0,32594.0,32544.0,-0.8660254037844386,0.5000000000000001,0,0,0
9,2024-11-01,33213.0,11,4,23,35914.0,32923.0,32115.0,33650.666666666664,-0.5000000000000004,0.8660254037844384,0,0,0
9,2024-12-01,37309.0,12,4,24,33213.0,35914.0,32923.0,34016.666666666664,-2.4492935982947064e-16,1.0,0,0,1
9,2025-01-01,32477.0,1,1,25,37309.0,33213.0,35914.0,35478.666666666664,0.4999999999999999,0.8660254037844387,0,0,0
9,2025-02-01,32327.0,2,1,26,32477.0,37309.0,33213.0,34333.0,0.8660254037844386,0.5000000000000001,0,0,0
9,2025-03-01,31637.0,3,1,27,32327.0,32477.0,37309.0,34037.666666666664,1.0,6.123233995736766e-17,1,0,0
9,2025-04-01,37731.0,4,2,28,31637.0,32327.0,32477.0,32147.0,0.8660254037844387,-0.4999999999999998,1,0,0
9,2025-05-01,42204.0,5,2,29,37731.0,31637.0,32327.0,33898.333333333336,0.4999999999999999,-0.8660254037844387,0,0,0
9,2025-06-01,32153.0,6,2,30,42204.0,37731.0,31637.0,37190.66666666666,1.2246467991473532e-16,-1.0,0,1,0
9,2025-07-01,43754.0,7,3,31,32153.0,42204.0,37731.0,37362.66666666666,-0.4999999999999997,-0.8660254037844388,0,1,0
9,2025-08-01,40164.0,8,3,32,43754.0,32153.0,42204.0,39370.333333333336,-0.8660254037844384,-0.5000000000000004,0,0,0
9,2025-09-01,37499.0,9,3,33,40164.0,43754.0,32153.0,38690.333333333336,-1.0,-1.8369701987210294e-16,0,0,0
9,2025-10-01,41210.0,10,4,34,37499.0,40164.0,43754.0,40472.333333333336,-0.8660254037844386,0.5000000000000001,0,0,0
9,2025-11-01,36182.0,11,4,35,41210.0,37499.0,40164.0,39624.333333333336,-0.5000000000000004,0.8660254037844384,0,0,0
9,2025-12-01,44058.0,12,4,36,36182.0,41210.0,37499.0,38297.0,-2.4492935982947064e-16,1.0,0,0,1
